station id,lon,lat,area,elev
1112200,-11.38,13.23,15000,329.1
1112400,-11.23,12.31,9300,406.8
1134050,-8.17,11.58,34200,494.6
1134200,-6.8,12.52,32500,411.9
1147200,17.38,-3.18,737640,844.5
1147201,20.58,-4.33,232560,892.6
1159900,29.23,-27.17,4152,1690.8
1160200,18.12,-30.82,2351,761.1
1160220,19.28,-32.78,267,1105
1160400,22.35,-34.01,145,476
1160450,23.3,-33.74,53,914
1160550,26.82,-32.18,462,1389.4
1160600,27.39,-33.19,2530,640.6
1160650,29.83,-30.73,728,822.6
1160680,29.47,-29.78,545,1760.7
1160700,29.9,-29.74,1744,1611.5
1160710,30.15,-29.44,353,1194
1160720,30.09,-29.51,294,1397.2
1160750,30.25,-29.07,1546,1396.9
1160800,29.98,-27.44,683,1615.2
1196300,27.48,-24.16,1054,1395.4
1196350,27.76,-25.78,1171,1527.6
1196500,29.58,-23.07,6731,1126.9
1196700,30.8,-24.68,514,1089.6
1199100,30.59,-26.28,906,1629.4
1257100,19.77,-17.9,104058,1329.9
1258100,13.57,-19.17,11000,1245.3
1258300,15.63,-21.42,3703,1474.3
1258350,15.97,-21.83,4054,1429
1258510,15.77,-23.47,2490,1633.3
1259110,18.22,-26.8,7000,1166.2
1259300,27.9,-29.43,83,2286
1259400,17.12,-26.43,4140,1418
1259440,18.65,-23.08,9300,1445
1259450,18.7,-23.12,8308,1445
1259500,28.62,-28.73,57,2743
1286150,34.18,-8.85,433,1602
1286600,36.43,-7.57,3363,1088.3
1289400,37.8,-7.02,488,280.3
1291100,24.3,-17.48,339521,1128.5
1291200,23.34,-17.68,170000,1141.6
1308110,-4.9,32.75,960,2048.5
1308600,-3.32,34.24,24422,1321.6
1309600,-5.9,32.68,3330,1545.9
1309810,-4.5,33.67,3435,1799
1309850,-4.55,34.6,1758,1180.9
1326300,9.97,4.45,8026,859.7
1326500,10,5.12,2280,1296.6
1326701,10.73,3.23,1150,741.2
1335014,13.68,9.05,30650,549.7
1335181,13.87,9.62,25000,480.7
1337100,13.57,7.22,1690,1336.7
1338201,14.13,5.92,11100,974.3
1339012,12.52,3.88,5300,710.7
1339014,10.7,3.68,21600,721.2
1339500,11.5,3.52,13555,709.4
1340500,11.3,2.3,18100,640.8
1348100,12.77,3.38,5150,690
1348151,14.32,4.23,8970,800.3
1389320,45.07,-24.7,5330,516.6
1389720,48.6,-18.8,1910,768.1
1389820,49.25,-18.18,2545,770.7
1448100,16.05,1.62,158350,672.6
1491610,30.32,-18.82,2662,1397.4
1491820,31.5,-17.53,829,1296.2
1494100,32.8,-19.85,131,1390
1537500,18.42,9.15,193000,583.7
1591001,23.25,-16.12,284538,1156.8
1591002,23.23,-14.38,206531,1190.5
1591100,23.15,-13.33,3354,1272.9
1591400,27.17,-11.78,433,1312.2
1591404,25.92,-14.93,96239,1230.5
1591405,27,-14.42,50479,1218.1
1591406,27.62,-13.65,23065,1268.5
1591410,28.02,-16.17,630,838
1591441,27.35,-12.92,2668,1288
1591471,28.13,-13.25,12001,1274.2
1591480,28.25,-12.88,9088,1289
1591490,27.13,-11.87,110,1310
1591720,28.55,-14.3,1448,1177
1591810,28.33,-15.33,303,1194.8
1591820,22.68,-14.97,34621,1113.2
1593100,28.75,-11.97,123072,1297.8
1593500,29.97,-8.9,707,1415.2
1593600,28.95,-9.85,303,1102
1593740,30.97,-10.18,6418,1403.1
1593751,31.48,-11.73,179,1457.7
1593770,31.37,-10.13,39,1250
1634400,-9.87,10.65,18000,504.1
1634500,-9.3,10.38,9620,583.4
1643100,10.23,-0.68,205000,473.2
1733100,2.67,9.2,10326,340.7
1733200,2.03,7.53,6950,171
1733320,2.72,8.25,9600,350.7
1733400,2.33,7.12,8210,151.1
1734600,3.33,11.75,13410,305.1
1749050,18.3,3.67,31000,631.3
1749100,18.58,4.37,500000,806.8
1812500,-12.45,14.9,218000,351.3
1812600,-12.22,14.45,28900,238.5
1931070,-4.47,11.47,4580,379.5
1931180,-3.55,12.52,14800,340
1931295,-3.4,12.75,20000,332
1992320,34.23,-11.78,2320,657
1992490,33.57,-13.3,6737,1093.3
1992600,33.77,-13.99,1891,1212.8
1992620,33.69,-14.17,753,1261.8
1992680,34.58,-14.79,2,914
1992830,35.29,-16.01,498,804.8
1992850,35.67,-16.08,193,586.8
1992900,35.13,-16.55,149500,889.3
2357750,80.2,6.18,681,255.2
2469049,102.18,19.79,6100,1145.2
2469050,102.14,19.89,268000,2866.3
2469072,102.62,17.93,299000,2584.1
2548400,81.29,28.64,42890,3950.7
2548450,81.12,28.96,21240,4196.7
2548460,81.44,28.95,19240,4547.4
2549300,83.6,28.01,6630,3826.9
2549500,84.43,27.71,31100,3701.6
2901200,169,65.08,47300,569.5
2901201,172.97,65.45,106000,469.4
2901300,166.03,62.42,71600,448.7
2902800,160.85,56.3,45600,565.9
2902850,161.67,56.27,51600,549.1
2903050,114.17,57.82,186000,1111.3
2903070,134.93,60.6,24200,1022
2903080,134.75,59.75,165000,900.3
2903081,135.28,59.23,43600,1024.5
2903087,130.9,57.77,108000,986.2
2903100,116.14,58.44,4790,939.8
2903150,134.13,62.22,65400,423.1
2903151,131.98,60.9,56800,476.1
2903152,127.05,59.67,23900,555.6
2903200,118.68,61.91,1290,277.4
2903215,114.5,55.58,15600,1429.6
2903240,114.85,56.37,9900,1375.5
2903300,108.12,57.67,46500,795.6
2903307,107.85,56.58,4800,1129.8
2903310,107.23,57.28,5160,520.6
2903315,106.55,57.08,5720,681.1
2903320,106.08,56.88,175,510.4
2903325,105.45,54.87,7100,825.3
2903330,105.07,56.85,11200,481.7
2903331,105.01,57.12,6480,516.4
2903335,104.67,56.67,2220,475.8
2903340,104.85,54.72,7600,787.5
2903343,104.73,54.65,1420,685.5
2903345,105.48,54.03,2480,825.5
2903351,106.57,53.75,1450,916.7
2903357,106,53.53,3280,860.8
2903360,106.99,53.83,577,869.9
2903400,124.75,55.98,613,997.2
2903401,125.45,56.95,13300,888.9
2903402,127.05,58.65,43700,928.4
2903420,127.65,70.7,2430000,600.5
2903421,107,53.82,4690,986
2903422,105.88,53.97,17400,880.4
2903424,105.23,55.13,41700,813
2903426,108.32,57.78,140000,743
2903429,129.6,61.83,897000,737.1
2903430,126.8,72.37,2460000,567.9
2903432,125.48,58.05,1900,926.5
2903475,128.65,61.05,12200,461.5
2903479,124.26,60.44,14400,529.2
2903480,121.32,59.37,115000,794
2903490,119.84,59.98,62500,900.1
2903491,118.28,56.9,4150,1336
2903495,120.8,60.9,16600,287
2903497,119.62,60.3,9700,319.9
2903600,132.02,63.32,696000,772.1
2903601,135.5,61.87,514000,843.5
2903602,133.03,59.63,269000,701.3
2903604,126.27,58.97,49500,780.1
2903605,123.72,58.07,18500,870.4
2903630,116.8,60.17,27600,826.7
2903640,114.73,60.27,32600,427.4
2903642,114.73,60.27,11700,497.2
2903645,114.08,60.23,2610,382.9
2903647,112.4,59.83,13600,405.6
2903651,113.95,57.65,9120,1176.6
2903652,114,57.18,3740,1324.5
2903653,113.95,57.65,971,1081
2903655,112.5,57.57,4920,1176
2903704,109.58,64.08,57300,519.7
2903720,117.03,63.5,89600,373
2903721,116.55,64.14,78700,415.4
2906200,117.72,52.25,175000,1090.2
2906201,119.97,53.42,200000,1072.9
2906300,129.92,49.78,67400,714.5
2907005,109.81,54.51,94,1505
2907008,109.93,53.87,30,625
2907010,109.6,53.6,19800,1301.3
2907011,110.42,54.38,9350,1411.3
2907012,109.7,53.63,177,900.8
2907013,109.92,53.52,290,1295.6
2907014,110.25,53.73,3270,1498.1
2907015,110.52,54.47,189,708.2
2907016,110.72,54.25,1100,1722.7
2907018,108.73,53.25,440,801.9
2907019,108.73,52.92,5050,1234
2907020,107.63,51.83,34700,1043.9
2907021,109.75,52.15,7850,977.6
2907025,109.73,52.1,7800,983.7
2907027,109.88,52.23,3580,1126.5
2907030,108.52,52.05,5500,1066.7
2907031,108.92,52.38,3620,1212.6
2907035,108.07,52.6,1740,1172
2907037,107.13,52.57,379,967.5
2907038,107.63,52.2,2120,888.7
2907040,106.97,51.2,38300,1049.4
2907041,107.82,50.62,29600,1072.4
2907042,110.47,51.35,15400,1106.9
2907043,108.4,50.83,25711,1073.9
2907050,108.62,50.88,2290,1150.6
2907060,106.63,50.92,44700,1369.3
2907061,108.63,50.3,15600,1409.9
2907065,109.55,50.45,2010,1369.6
2907070,108.05,49.88,2120,1487.3
2907080,106.12,50.63,23300,1335.6
2907081,103.93,50.43,8480,1492.1
2907085,105.98,51.1,4240,1266.7
2907087,102.8,50.7,1030,1562.8
2907100,104.31,51.36,1130,1540.9
2907105,104.42,51.47,204,1360
2907110,104.07,51.53,959,1663.7
2907115,104.15,51.52,15,914
2907120,103.65,51.67,63,1006
2907125,103.73,51.65,56,1326
2907200,106.44,51.76,565,1132.9
2907210,106.02,51.78,558,1089.6
2907215,105.87,51.72,151,975.5
2907227,104.63,51.43,3000,1460
2907400,107.48,52.03,440200,1478.2
2907401,107.65,52.07,445000,1475.6
2907402,106.67,51.1,360000,1666.4
2907403,106.12,50.4,282000,1744.7
2907410,106.68,52.02,320,1072.9
2907415,106.85,52.03,255,965
2907420,107.27,52.15,193,762
2907422,106.97,51.53,1840,773.6
2907910,109.78,55.88,1050,1077.6
2907920,109.05,55.7,297,1129.7
2907925,109.18,55.33,567,1101.4
2907935,106.07,52.55,1700,834.7
2907940,105.42,52.05,2260,652.5
2908010,96.63,57.37,51000,648.7
2908011,98.37,56.37,31800,804
2908012,97.78,55.97,24700,886.1
2908015,97.83,54.47,1770,1395.5
2908020,97.6,55.53,7940,1095.4
2908025,98.68,55.55,1990,455.6
2908028,96.9,54.22,783,1838.6
2908030,94.77,57.4,9070,240.2
2908037,96.57,56.18,2390,387.5
2908038,96.23,55.73,948,477.4
2908040,100.05,56.13,2130,500.7
2908050,94.32,57.82,127000,743.6
2908060,99,58.1,9320,304
2908065,97.38,58.03,4190,310.7
2908106,110.15,55.85,20600,1424.4
2908125,100.08,54.18,2400,766
2908127,100.6,54.08,2950,850
2908128,100.33,54.63,1120,588.1
2908130,101.5,56.62,3840,515.5
2908145,102.78,58.3,3380,347.2
2908150,104.28,52.28,15000,1377.4
2908151,103.27,51.78,11600,1745.5
2908152,102.6,51.72,6560,1836.5
2908153,100.98,51.68,1200,2119.5
2908157,102.85,51.72,4160,1644.5
2908160,103.87,52.57,8420,1177.1
2908165,103.27,52.2,1070,1064.6
2908170,104.28,52.45,7840,709.5
2908182,102.43,52.77,3990,1246.1
2908183,101.85,52.88,3230,1636.2
2908184,102.05,52.73,1970,1506.7
2908187,103.8,53.38,1870,693.1
2908190,102.02,54.5,33400,1303.1
2908194,101.35,53.7,2550,627.8
2908196,101.57,53.42,1770,777.1
2908200,100.65,54.58,14500,1092.9
2908201,99.92,53.92,5140,1507.5
2908205,103.7,54.18,812,744.4
2908301,98.22,53.63,4980,1908.6
2908302,99.25,54.07,17200,1220.4
2908305,94.32,57.82,127000,743.6
2908310,99.4,55.05,1140,626.3
2908600,93.55,58.35,1880,332.1
2908650,97.23,58.8,8950,325.4
2908680,99.38,59.13,13300,325.3
2909100,86.55,67.51,323,64.8
2909159,92.28,52.12,168000,1652.5
2909160,94.4,51.72,115000,1683.4
2909161,94.47,51.88,56500,1565.4
2909162,94.93,52.5,44600,1596.3
2909163,96.1,52.47,15600,1641.2
2909165,95.57,51.5,53300,1923.1
2909166,96.25,51.33,42300,1992.7
2909200,97.42,52.75,4890,1887.5
2909215,95.67,51.37,5980,1431.6
2909230,95.52,52.7,4430,1210.1
2909250,92.66,52.03,6110,1361
2909260,91.25,53.58,31300,1145.5
2909261,90.1,52.65,14400,1511.9
2909265,91.78,53.7,176,502.6
2909268,90.18,52.63,2350,1353.7
2909269,89.88,52.8,1940,763.1
2909270,89.83,52.38,4410,1714.7
2909271,89.75,52.07,1040,1923.5
2909290,92.43,53.28,2540,881.4
2909295,92.82,53.22,1000,923.6
2909300,92.5,54.33,1480,706.9
2909314,92.87,53.8,31800,1094.7
2909315,92.83,53.72,9850,943.3
2909316,93.07,53.33,5270,1113.3
2909318,93.2,53.32,1680,1155.1
2909319,93.02,53.62,959,746.6
2909320,93.48,53.8,11900,1283.8
2909321,94.17,53.68,9160,1465.2
2909323,93.15,53.9,9080,1083.6
2909327,92.93,54.1,196,660.7
2909330,92.13,54.95,2810,765.4
2909335,92.5,55.9,9260,830.1
2909356,92.62,56.18,561,532.8
2909360,93.95,56.42,36800,750.8
2909361,95.7,56.22,23000,786
2909362,95.48,55.65,8710,826.3
2909368,95.73,55.7,11500,956.5
2909369,94.88,55.25,1180,818.8
2909370,95.85,55.45,3600,754.3
2909375,95.43,56.12,1150,346
2909380,93.13,56.92,788,225.9
2909390,93.48,59.12,15100,471.9
2909391,92.83,58.8,19500,430
2909392,92.85,58.78,1250,344.9
2909395,92.17,57.82,1320,204
2909398,92.45,57.95,2860,207.4
2909400,92.12,62.32,218000,463.8
2909401,96.38,61.68,159000,468.3
2909402,97.52,60.73,68400,472.1
2909403,103.32,59.63,16700,497.5
2909410,92.5,60.37,2910,524.4
2909430,100.47,61.33,30400,517.7
2909431,102.8,61.75,13300,518.2
2909540,86.28,62.48,16300,134.4
2909550,88.48,61.3,8360,145.9
2909560,88.33,60.35,22800,129.4
2909570,89.3,59.42,7640,140
2909580,88.32,69.42,19800,482.5
2909700,108.41,58.28,8270,498.2
2909701,107.83,57.87,4160,496.4
2909702,108.02,61.27,77400,483
2909703,103.97,53.58,155000,449.5
2909704,100.27,64.27,268000,450.3
2909705,90.02,65.63,447000,505.9
2909710,90.12,65.65,9100,453.2
2909720,98.9,64.95,18900,648.5
2909730,101.12,62.72,14800,487
2909752,106.35,59.3,15000,507.9
2910100,74.02,60.5,22100,86.5
2910101,73.82,60.27,18300,86.6
2910105,74.53,60.6,8130,88.4
2910110,74.05,64.8,13500,91
2910120,68.93,61.45,11500,94.5
2910130,70.67,61.7,12800,88.5
2910141,85.25,56.32,402,201.8
2910150,72.15,61.63,11800,90.7
2910170,78.55,61.05,56400,111.9
2910200,81.95,59.85,24500,97.7
2910201,84.08,60.35,10100,111.3
2910210,82.83,59.37,6500,115
2910230,83.67,58.42,71500,163
2910231,86.82,58.65,38400,175.9
2910237,86.07,58.77,8740,119.5
2910241,78.22,59.22,31700,88.5
2910242,76.47,58.55,19000,90.3
2910243,77.28,57.78,3730,101.7
2910247,78.43,59.02,8040,88.7
2910250,80.6,58.17,17900,104.8
2910254,81,57.7,7440,106.9
2910257,80.15,57.83,7090,93.9
2910260,82.63,57.78,25000,109.8
2910265,82.92,57.53,5210,111.4
2910266,83.07,56.85,2560,122
2910270,82.22,57.48,6610,116.6
2910275,82.1,57.57,9100,109.6
2910279,81.67,57.08,2330,128.7
2910287,82.47,55.12,1350,151.6
2910290,83.62,56.55,8190,133.4
2910300,84.92,56.5,57000,499.7
2910310,85.15,57.78,131000,411
2910311,86.13,57.25,109000,462.7
2910312,86.62,56.85,92500,468.3
2910313,88.1,57.33,55300,476.7
2910314,89.93,56.17,33800,604.8
2910318,91.62,55.38,14700,700.9
2910319,89.87,55.03,9990,830.2
2910320,86.28,57.83,7720,132.5
2910321,86.42,57.57,5210,153
2910322,85.42,57.57,2620,137.7
2910325,86.97,56.77,14900,409.7
2910326,87.78,56.2,9820,514.7
2910328,88.05,55.6,3420,679.3
2910331,86.4,56.18,3460,235.4
2910334,86.88,56.1,617,267.4
2910335,86.08,56.8,340,148.5
2910340,88.08,57.05,11500,208.6
2910345,88.17,56.37,1800,217.9
2910349,89.07,56,290,274.7
2910352,87.62,56.03,1190,306.6
2910355,88.1,55.95,1720,249.8
2910356,88.32,55.87,1320,262.7
2910357,88.38,55.8,792,255.6
2910360,86.83,55.73,1220,304.9
2910362,89.32,56.53,798,213.2
2910365,91.38,57.05,7800,363.8
2910367,92.15,56.23,250,463.7
2910368,91.33,56.92,409,298.7
2910370,90.55,56.65,2130,277.3
2910371,90.95,56.4,1090,289.2
2910373,90.52,56.3,78,305
2910380,90.15,55.82,4580,339.1
2910381,89.63,55.55,1600,345.5
2910384,90.65,55.6,77,305
2910390,89.22,55.73,5000,543.2
2910391,88.45,55.25,500,792.8
2910396,88.63,55.6,615,385.1
2910405,89.3,54.87,3100,825
2910406,89.45,54.4,3520,976.4
2910415,86.3,55.73,1060,247.8
2910420,85.62,50.27,5600,1625.3
2910423,85.92,50.27,383,1583.3
2910425,85.42,49.38,945,1759.8
2910430,87.95,50.63,4190,2045.8
2910435,87.82,51.28,16600,2112.5
2910438,87.68,51.58,472,1430.7
2910439,87.6,51.77,15,1067
2910440,85.72,52.42,58400,1676.9
2910442,86.32,50.13,13500,1856.7
2910450,85.18,52.18,4720,1061.1
2910455,85.42,52.28,1730,715.3
2910460,85.85,52,780,952.6
2910463,85.97,52.17,3360,631.5
2910465,85.68,51.3,500,1954.7
2910467,86.27,51.12,210,1628.5
2910470,85.27,52.52,36900,1330.4
2910471,87.17,52.27,25300,1653.1
2910472,87.1,51.9,21000,1863.9
2910473,87.25,51.8,20100,1882.2
2910476,87.03,52.3,4500,892.2
2910478,86.18,52.65,2060,317.9
2910485,86.17,50.73,3080,1642.9
2910487,85.08,50.43,726,1549.2
2910490,87.15,53.78,29800,794.6
2910491,88.1,53.67,5880,1002.9
2910492,88.53,53.63,4350,970.1
2910493,89.13,53.43,2480,978.1
2910500,88.1,53.64,3320,900.7
2910510,83.28,52.13,20700,761.6
2910511,83.2,52.07,20000,749.7
2910512,82.55,52.1,17600,869.4
2910514,85.58,51.4,7180,1397.4
2910515,84.32,51.02,3480,1517.4
2910517,82.3,51.62,1020,487.2
2910518,82.77,51.27,1140,794.9
2910519,82.97,51.58,1100,837.2
2910520,84.82,52.35,6850,771.3
2910521,84.73,52.38,4870,771.6
2910522,84.32,51.65,2540,1171.9
2910560,82.77,52.52,18700,309.2
2910562,81.2,51.18,6450,467.6
2910563,81.22,51.5,3140,415.5
2910564,82,51.02,2070,580.3
2910570,82.8,53.23,1650,212.6
2910580,83.33,55,17300,241.4
2910581,84.1,55.32,15700,242
2910583,85.67,54.95,7960,253.7
2910585,86.77,54.38,1210,274.4
2910587,84.73,55.5,1390,175.4
2910590,83.87,55.55,996,164.4
2910594,86.2,54.37,734,327.1
2910595,86.23,54.23,475,323.9
2910605,82.95,54.8,232000,1019.1
2910606,81.33,53.8,216000,1102.6
2910607,83.82,53.4,169000,1247.7
2910608,84.92,52.45,98200,1530.8
2910635,82.45,54.38,1140,217.3
2910643,83.7,53.68,345,215
2910645,85.2,53.88,1440,319
2910647,85.4,53.98,628,357.6
2910648,85.3,54.03,101,293.2
2910650,83.4,54.63,6270,265.1
2910651,84.23,54.33,2480,300.8
2910655,83.33,54.8,270,211.8
2910656,84.58,54.3,290,295.8
2910660,83.57,53.8,20600,281.9
2910661,84.95,53.73,15900,300.6
2910662,85.42,53.47,11000,301.6
2910663,86.25,53.28,4340,300.2
2910665,86.53,53.28,771,291
2910666,86.5,53.6,432,324.7
2910669,85.92,53.47,1200,345.3
2910695,84.67,52.98,953,295.8
2910697,86.18,52.25,856,461.1
2910700,87.23,53.33,7080,569.1
2910701,87.25,52.82,2510,668.3
2910702,87.87,52.75,842,712.7
2910710,86.47,52.87,126,292.5
2910716,87.4,53.22,1110,608.8
2910718,87.3,53.58,1060,571
2910720,87.8,53.7,8790,810.9
2910721,88.43,52.82,3170,899.1
2910725,87.17,54.03,1110,300.3
2910730,87.58,54.3,1860,878.5
2910735,87.55,54.2,1020,687.9
2910740,87.53,54.83,1330,564
2910745,87.92,53.87,641,463.9
2910747,87.57,53.02,146,693.7
2910750,86.33,50.12,627,2710.7
2911109,85.22,48,55900,1641.3
2911150,69.2,57.67,15600,82.6
2911151,68.92,57.03,9740,96.5
2911162,69.5,57.8,3430,66.1
2911165,69.22,57.13,2140,85.4
2911170,68.58,56.43,2540,100.6
2911180,68.68,57.53,2080,54.5
2911206,66.28,52.02,86200,347.2
2911209,69.47,56.1,154000,245
2911303,70.63,56.82,165000,234.6
2911304,70.85,57.45,171000,224.3
2911310,71.4,57.5,2440,64.5
2911315,70.95,56.82,1030,71
2911380,73.07,57.1,4580,63.7
2911381,72.63,56.98,4070,62.2
2911395,73.67,57.02,836,61
2911400,72.92,57.63,6500,89.5
2911401,73.92,57.82,3050,89
2911405,74.28,57.27,3750,74.6
2911406,74.75,57.35,2320,64.4
2911420,78.02,55.72,16200,89.5
2911421,77.3,56.07,8470,90.3
2911422,78.35,56.35,5480,97
2911427,77.52,56.63,1430,74.4
2911430,77.25,55.67,2310,92.2
2911450,73.47,55.02,52400,98.5
2911452,74.58,55.07,47800,97.5
2911454,76.38,55.6,39200,97.6
2911455,78.32,55.45,12200,119.8
2911456,79.07,55.68,10200,122.5
2911457,80.03,55.85,6500,132.8
2911460,75.25,56.38,16400,82.2
2911461,76.02,56.47,14200,83.3
2911463,76.38,55.6,6250,100.1
2911464,78.32,56.62,2750,96.3
2911467,75.83,56.48,579,63.5
2911470,74.52,57.07,6650,68.1
2911471,75.32,56.95,4460,68.8
2911472,76.15,56.92,1310,75.6
2911512,81.95,49.17,1800,756.2
2911525,83.03,49.67,1000,883.4
2911527,82.8,49,758,764.7
2911550,81.88,50.6,8470,1094
2911552,83.63,50.6,1530,1796.4
2911555,82.75,50.38,972,858
2911590,80.18,52.97,12300,189.6
2911592,81.22,53,1400,213.4
2911595,79.93,52.7,992,224.1
2911700,69,60.33,68600,82.9
2911701,68.8,59.82,65400,83
2911703,64.83,60.15,23400,100.7
2911704,64.22,60.23,13900,101.8
2911715,67.47,58.4,6780,58.3
2911717,67.43,58.25,2770,50.8
2911731,70.4,59.53,30600,88.3
2911800,82.83,49.93,4900,1188.9
2911801,82.9,49.98,2170,1136.3
2911810,84.08,49.88,1200,1455.2
2911820,84.33,49.82,10700,1645.2
2911821,85.17,49.33,6860,2239
2911822,86.47,49.37,1850,2512.7
2911825,85.05,49.53,449,1254.6
2911826,85.37,49.23,629,2135.5
2911827,85.9,49.23,481,1689.2
2911829,84.6,49.18,1960,1271.1
2911840,83.88,48.6,5840,1554.9
2911845,85.18,48.68,3090,1264.8
2911900,84.4,49.52,251,571.8
2912200,60.48,54.13,3600,389.5
2912220,62.18,53.8,7970,227.6
2912270,66.47,56.17,3250,116.2
2912277,66.55,56.5,917,112.2
2912400,65.53,57.15,58500,141.9
2912401,63.7,58.07,29000,191.1
2912402,60.78,58.87,5290,214.5
2912403,59.67,58.32,244,256
2912410,61.05,58.7,3120,157.3
2912415,61.6,58.37,1400,148.6
2912420,61.75,58.45,7920,220.9
2912421,60.97,58.22,3900,251.4
2912430,65.83,56.95,18600,133.8
2912431,63.67,57.02,11000,150.5
2912435,63.72,56.95,935,127.5
2912437,64.3,56.85,1700,122
2912438,65.18,56.92,956,121.6
2912439,65.83,57.55,895,61
2912500,60.26,59.05,2940,250.9
2912505,60.67,59.05,3010,236.6
2912550,61.88,63.67,65200,187.3
2912553,60.88,62.43,9850,202.6
2912555,63.05,63.37,69100,185.3
2912556,64.4,63.18,87800,180.9
2912561,60.95,64.25,18500,250.5
2912615,65.78,66.87,1240,565.1
2912640,68.73,66.03,15100,88.7
2912647,67.25,63.7,7100,102
2912650,61.92,59.17,22100,209.8
2912652,60.42,60.22,4390,293.3
2912655,60.42,60.7,2250,282.6
2912656,59.97,60.15,1420,293.1
2912666,59.88,59.77,480,232.9
2912667,61.27,59.38,403,99
2912670,65.35,56.48,56000,208.2
2912671,64.57,56.15,52300,212.9
2912674,62.58,56.28,12800,229.5
2912675,61.18,56.62,3500,274.6
2912680,64.43,55.95,21400,190.8
2912681,63.22,55.38,14600,251.6
2912682,61.35,55.32,5680,339.5
2912683,61.27,55.07,5300,344.4
2912685,60.23,55.33,1830,412.6
2912691,61.22,54.58,3620,294.8
2912696,65.1,56.53,778,119.7
2912750,62.27,56.25,5000,209.2
2912905,60.3,57.03,220,323.9
2912907,61.68,56.15,1170,221.7
2912909,61.77,56.17,1730,217
2912910,62.75,56.1,7120,202.3
2912955,63.08,57.67,17300,154.8
2912957,60.73,57.73,1860,230.4
2912960,62.3,57.9,4400,179.7
2912963,61.2,57.45,101,213
2916660,69.32,39.82,712,3356.9
2916665,69.85,39.98,1740,3125.5
2916670,71.72,40.12,1300,3437.9
2916680,72.03,40.16,2220,3178.3
2916690,73.12,40.87,1010,2548.3
2916710,73.85,40.65,907,3611.9
2916720,73.22,40.85,1180,3362.2
2916730,73.47,40.3,2740,3299.6
2916740,71.98,41.6,863,1807.6
2916750,74.35,41.85,5290,2867.4
2916760,73.68,40.57,3840,3595.8
2916770,73,41.25,1300,2217.5
2916780,73.12,40.87,381,1914.9
2916810,72.62,40.35,1680,3035
2916860,73.98,41.42,34600,3491.2
2916880,73.55,40.85,166,2768.3
2916890,76.02,41.43,10500,3885
2916900,71.7,41.6,366,2313.4
2917300,66.35,39.03,4550,1917.2
2917310,66,38.83,511,2534.5
2917410,67.88,38.43,901,1636.9
2917420,67.12,38.92,435,2580.9
2917450,67.77,39.38,10200,3313.2
2917460,67.42,39,845,3002.3
2917470,68.57,38.63,362,1758.5
2917475,68.33,38.63,684,2310.8
2917480,67.67,39.48,1100,3086.1
2917550,68.75,38.76,1270,2630.7
2917600,69.05,38.58,3040,2664.3
2917610,68.15,37.6,9780,1552.7
2917630,68,38.05,2630,1944.1
2917635,67.9,38.27,2200,1988.5
2917700,71.52,37.53,13700,4519.4
2917710,71.57,37.35,4180,4495.9
2917760,70.52,38.7,5390,3851.1
2917820,72.48,38.3,16700,4455.6
2917830,73.97,38.17,10500,4451.6
2917840,72.48,38.33,4500,4104.3
2917850,71.42,38.2,1940,3988.4
2917920,70.33,39,20000,4385.1
2917940,71.38,39.27,8370,4222.8
2943100,95.12,50.27,4240,1934.8
2964080,100.55,17.77,13300,603.9
2969010,100.08,20.27,189000,3070.2
2969011,99.36,20.06,2980,1097.8
2969430,101.67,17.9,292000,2588.7
2969435,101.27,17.43,703,768.4
2969437,101.15,17.29,401,426.4
2997500,80.32,55.23,3910,126.2
2997501,78.67,54.7,6440,114
2998100,135.23,69.77,216000,734.2
2998110,136.08,70.75,224000,659.1
2998111,135.23,69.77,216000,734.2
2998200,155.9,62.63,5880,942.8
2998320,150.82,62.72,9970,778.2
2998400,147.35,69.58,305000,884.9
2998401,141.88,64.05,51100,1362.9
2998402,143.12,64.53,83500,1314.3
2998412,142,64.4,17600,1276.9
2998451,153.42,68.5,17700,113.4
2998454,150.67,62.1,13600,956.2
2998470,135.27,68.02,89600,891.5
2998504,148.83,61.65,50100,1125
2998505,148.47,62.12,43600,1128.7
2998511,146.62,62.83,9560,1135.2
2998520,153,61.88,9090,864.9
2998550,149.47,61.43,56300,947.1
2998551,149.67,61.13,3490,924.2
2998560,147.42,61.9,10300,1168.6
2998600,144.07,64.68,22300,1195.1
2998702,164.17,68.1,30000,572.5
2998720,161.17,68.15,49600,493.4
2999150,114.06,71.98,78800,189
2999200,72.67,65.62,48000,81.6
2999250,82.28,66.6,100000,84.8
2999500,78.22,67,95100,79.4
2999910,123.22,72.12,198000,278.4
2999920,118.33,68.62,127000,379.8
2999922,112.43,68.5,89200,385.7
3178900,-70.52,-28.72,7187,3788.2
3179500,-73.07,-36.83,24029,997.1
3265010,-65.38,-25.28,7100,2961.6
3265050,-64.5,-25.33,1650,697.2
3265700,-64.7,-32.93,340,944.3
3265910,-58.55,-28.97,13877,68.3
3268210,-65.27,-24.73,850,1626.7
3268250,-64.83,-24.43,4100,1172.3
3268270,-64.47,-23.73,25800,2349.3
3268500,-62.37,-22.45,96000,3180.7
3269300,-57.68,-29.83,10056,72.4
3274030,-67.58,-28.08,14000,3332
3274050,-67.63,-28.92,440,2259.9
3274080,-67,-27.58,1700,3187.4
3274100,-65.98,-27.4,1000,1701.4
3274120,-65.6,-27.1,620,1706.7
3274130,-65.35,-26.35,600,1097
3274800,-65.18,-31.1,2000,1253.6
3274830,-64.45,-31.37,1350,1048.5
3274900,-65.8,-32.27,690,1002.5
3274950,-65.5,-32.78,1130,1040.4
3274960,-65.4,-32.57,460,864.9
3275050,-68.83,-30.22,25500,3618.8
3275080,-69.53,-30.97,5280,3888.3
3275130,-69.68,-31.92,4790,3818.7
3275140,-69.68,-31.88,8500,3848.7
3275150,-69.7,-31.95,3710,3877.6
3275200,-69.77,-32.85,1800,4372.8
3275210,-69.27,-32.85,8180,3686.1
3275250,-69.25,-33.78,2380,3791.5
3275280,-69.33,-34.67,2753,3329.9
3275310,-65.68,-33.02,265,1026.5
3275400,-68.87,-35.03,3800,2403.5
3275500,-69.95,-36.73,2900,2199.9
3275700,-69.73,-37.1,15300,2248.5
3275800,-69.42,-38.53,30200,1519.1
3275880,-71.22,-39.8,790,1365.7
3275950,-71.15,-41.07,3900,1236.3
3276100,-71.17,-42.1,1200,1226
3276150,-70.53,-42.7,2800,772.3
3276200,-68.5,-43.85,16400,892.3
3276300,-71.35,-44.97,1300,737.6
3276800,-71.9,-50.27,15550,761.5
3289050,-71.3,-43.7,1500,945.5
3292100,-71.75,-41.38,750,1516.4
3308600,-58.58,5.85,66600,239.3
3512400,-54.43,4.98,60930,239.5
3514800,-51.88,3.82,25120,169.8
3618090,-66.85,1.22,61781,455.7
3618500,-61.12,1.82,124980,440.4
3618700,-60.5,5.03,3340,952
3618710,-60.47,4.63,3075,952
3618711,-60.53,4.17,5815,721.8
3618950,-69.13,0.48,40506,253.9
3621400,-69.43,-1.39,197136,433.3
3622400,-70.91,-4.34,62105,129.8
3624100,-73.66,-7.45,1137,270.2
3624120,-66.85,-4.84,162000,171.7
3624160,-72.66,-7.63,38537,251.2
3624300,-70.02,-7.43,48317,229.3
3625150,-67.8,-9.97,22670,213.2
3625310,-62.15,-4.73,359853,122.1
3625340,-64.8,-7.26,226351,167.3
3625370,-68.58,-9.04,63166,216.9
3627408,-61.94,-10.87,32800,347.4
3627650,-60.65,-7.21,131000,263.3
3627700,-58.93,-6.75,14597,127.7
3627701,-59.04,-6.8,12700,129
3629180,-58.16,-7.34,333000,343.1
3629380,-58.34,-11.36,55900,433.4
3629790,-57.95,-7.61,138000,375.2
3630050,-52.21,-3.21,446203,301.8
3630300,-54.4,-1.78,17072,192.7
3631050,-51.44,0.71,29820,164
3631100,-52.57,-0.57,51343,216.8
3631215,-54.66,1.22,5902,317.8
3649010,-49.32,-15.72,1978,890.9
3649012,-49.55,-15.28,10538,734.2
3649020,-48.2,-14.37,2913,827.9
3649030,-48.67,-14.98,11008,945.2
3649210,-48.71,-12.39,8690,509.2
3649211,-48.66,-11.98,13811,470.9
3649240,-48.29,-11.53,14475,539.3
3649310,-47.31,-7.71,9636,380
3649311,-47.77,-8.39,2776,333.6
3649410,-53.13,-17.17,4504,749.5
3649412,-51.83,-15.74,50930,624.2
3649416,-49.26,-8.27,320290,397.2
3649418,-48.54,-6.41,364500,369.2
3649419,-48.13,-5.63,376660,363.2
3649420,-53.55,-16.08,4830,668.4
3649430,-52.75,-15.71,1950,537
3649440,-51,-16.51,2022,630.5
3649449,-51.63,-15.57,9045,589.8
3649450,-51.47,-16.3,6471,631.9
3649459,-51.85,-15.89,12084,578
3649510,-50.7,-15.52,5370,583.5
3649511,-50.17,-15.92,231,697.5
3649614,-53.06,-15.25,17160,617.8
3649619,-50.96,-12.29,59163,397
3649850,-48.47,-6.67,3488,279.2
3650150,-47.77,-2.51,38178,144.7
3650202,-46.32,-1.8,31850,157
3650220,-46.71,-1.86,1444,46.9
3650221,-46.59,-1.74,1683,52.2
3650250,-45.96,-2.05,3300,45.8
3650270,-45.67,-2.94,4000,70.1
3650285,-45.46,-3.66,34030,191
3650310,-45.78,-4.03,6800,191.3
3650321,-46.14,-5.82,4160,354.7
3650330,-45.98,-5.77,4410,349.1
3650341,-45.32,-5.74,4800,262.6
3650350,-44.36,-6.37,6800,279.4
3650355,-43.36,-4.87,32700,185.1
3650359,-44.38,-3.63,49500,152.3
3650360,-43.59,-5.71,4970,218.4
3650370,-43.9,-4.44,3180,141.5
3650380,-43.7,-3.58,4240,90.5
3650385,-43.9,-3.46,12450,71.5
3650470,-42.7,-5.2,50000,395.3
3650471,-41.74,-5.22,19300,437.3
3650475,-42.23,-3.9,11000,152.8
3650488,-45.67,-8.28,26000,465.8
3650520,-39.83,-3.36,2800,161.6
3650526,-40.55,-4.38,1550,275.3
3650545,-38.95,-3.75,410,182.6
3650640,-39.51,-6.56,3700,495
3650690,-38.36,-4.5,2000,121.2
3650820,-35.59,-5.87,2630,250.2
3650840,-35.22,-6.45,3590,382.6
3650860,-35.16,-6.85,2910,244.9
3650870,-36.8,-7.2,480,587
3650875,-36.43,-7.4,3140,539.7
3650910,-35.23,-7.75,650,229
3650912,-35.06,-7.61,1250,163.3
3650920,-36.06,-8.01,2750,548.1
3650924,-35.63,-7.94,5110,487.5
3650925,-35.45,-7.88,5360,471.2
3650930,-36,-8.3,2009,683.5
3650940,-35.58,-8.68,4740,504.9
3650941,-35.92,-8.5,2610,624.7
3650970,-35.86,-9.47,3900,396.9
3650990,-36.3,-10.03,1380,218.8
3651300,-43.82,-20.02,1550,1158
3651309,-44.71,-17.59,26500,871.3
3651400,-46.57,-17.5,7760,703.6
3651520,-44.48,-14.42,2380,618.4
3651530,-44.46,-14.31,6030,710.4
3651535,-44.15,-14.26,16300,693.7
3651550,-44.29,-13.56,9550,722
3651650,-45.12,-12.41,6350,768.1
3651660,-45.1,-12.14,5410,776.5
3651670,-45.09,-12.43,4810,741.2
3651678,-43.85,-11.36,46300,701.8
3651680,-43.95,-11.24,22100,710.8
3651860,-37.97,-7.87,4970,610.1
3651870,-38.17,-8.53,2260,516.9
3652010,-37.19,-10.66,1960,191.8
3652030,-39.63,-10.97,11825,495.7
3652065,-40.59,-11.55,1895,688.5
3652080,-38.32,-12.42,3300,206.2
3652089,-38.07,-12.51,4860,158.3
3652110,-41.33,-12.76,9282,833.5
3652115,-41.32,-12.84,2517,999.6
3652120,-41.06,-12.94,1420,571.5
3652130,-39.85,-12.52,31488,680.5
3652200,-41.45,-14.01,3248,808.3
3652210,-41.14,-14.61,6980,739.7
3652230,-39.3,-14.81,3695,224.8
3652350,-40.23,-15.24,2810,518.1
3652410,-43,-17.58,2535,890.4
3652419,-42.06,-16.85,16230,763.1
3652500,-40.35,-17.83,14174,481.7
3652610,-43.14,-20.36,1371,791
3652660,-41.16,-19.49,8810,596
3652870,-42.7,-21.39,5858,546.4
3652879,-42.18,-21.54,8245,505.8
3652950,-42.67,-22.48,148,922.2
3652955,-42.74,-22.59,287,797.8
3652980,-44.62,-22.74,22,1372
3652985,-44.56,-22.96,597,1038.2
3653110,-49.27,-24.8,4570,764.6
3653250,-49.08,-26.48,796,312
3653450,-49.11,-28.42,2740,381.9
3653620,-51.83,-28.85,1829,727.2
3653710,-53.49,-30.96,4069,282.2
3660700,-45.43,-22.44,869,1393.9
3660730,-45.26,-21.68,851,1036
3660900,-44.35,-21.69,2083,1256.2
3661300,-49.23,-21.88,1927,500.1
3662300,-53.05,-21.61,13590,424.8
3663200,-53.74,-24.17,20982,565.3
3663500,-52.93,-24.62,1350,560.8
3663550,-52.7,-24.75,2513,712
3663600,-51.95,-24.02,3294,549.1
3663650,-53.3,-23.2,34432,576.5
3663655,-52.66,-23.32,28427,597.3
3663700,-50.98,-23.25,21915,770.2
3663800,-50.28,-23.08,5622,654.6
3664100,-52.93,-25.77,6696,810.2
3664600,-50.88,-26.38,2614,1032.3
3664905,-49.8,-26.11,3379,795.7
3666050,-57.7,-16.08,32774,266.2
3666200,-56.01,-17.2,17150,350.8
3666250,-54.15,-17.21,2872,748.6
3666300,-56.54,-16.32,2660,143
3666500,-55.21,-16.61,21800,533.3
3667200,-56.4,-20.24,15460,325.2
3667300,-54.76,-18.51,27040,476.5
3667400,-57.3,-22.22,11100,287.1
3669050,-50.76,-28.21,8400,1088.3
3669350,-52.18,-26.95,630,763
3669520,-54.74,-28.18,9426,369.8
3669600,-56.05,-29.31,42498,194.4
3669630,-55.79,-29.77,5942,176.4
3822600,-78.97,-2.89,1260,2897.1
3822650,-79.07,-2.87,312,2904.5
3843500,-78.21,0.38,686,2974.3
3844150,-78.17,0.03,416,3585
3844200,-78.95,-0.32,1435,3324.2
3844300,-79.46,-1.02,3507,1883
3844450,-79.75,-1.55,4400,1189.5
3844465,-79.35,-1.39,2980,2208.9
3948800,-76.15,-13,4900,4127.8
4101200,-163.68,67.88,1826,391.6
4101400,-148.96,70.28,8107,406.1
4101451,-148.82,69.01,4817,1134.9
4101900,-160.13,66.97,24657,433.9
4102100,-158.1,61.87,80549,462.7
4102200,-158.19,59.93,3859,325.1
4102300,-149.03,61.5,3056,1213.5
4102310,-149.07,61.61,5361,1394.8
4102450,-150.02,62.35,5170,1220
4102600,-133.7,58.54,17094,1231.8
4102700,-144.46,61.47,53354,1446.5
4102820,-149.69,62.77,15954,1250
4102850,-151.08,60.48,5053,665
4103600,-149.09,64.56,66304,1122.5
4103622,-148.95,63.84,4947,1138.6
4103630,-147.7,64.85,5167,666.3
4103633,-146.36,64.9,2427,811.9
4103650,-146.93,64.47,5620,880.6
4103710,-140.89,67.42,59829,666.6
4103750,-143.75,63.39,22144,1274.6
4113340,-97.05,46.91,3833,353.2
4113350,-97.92,48.91,8676,476.5
4113351,-97.56,48.99,8832,472.4
4113360,-98.72,47.81,5361,508.6
4113361,-98.03,47.43,16757,488.1
4113410,-103.08,48.98,4636,650
4113900,-91.54,47.92,658,475
4115082,-121.68,46.61,743,1321.6
4115210,-121.21,45.76,3359,977.3
4115211,-121.25,46.26,391,1426.3
4115220,-120.01,44.79,13183,1414.2
4115221,-120.41,45.59,19632,1131.4
4115222,-118.9,44.42,1000,1634
4115223,-119.43,44.81,6527,1442.2
4115224,-119.14,44.89,1334,1499.8
4115230,-120.61,47.58,2590,1342.9
4115231,-120.42,47.5,3370,1253.3
4115235,-119.99,48.08,4590,1363.2
4115236,-120.18,48.47,2608,1566.8
4115241,-118.32,45.72,339,1274.2
4115250,-118.73,46.03,4292,729.2
4115305,-119.62,48.98,9194,1358.2
4115310,-118.77,48.98,5698,1342.4
4115311,-118.22,48.98,9842,1345.4
4115330,-114.01,48.5,2922,1814.1
4115350,-116.32,47.55,3168,1205.4
4115351,-116.25,47.57,2318,1228.2
4115410,-116.19,47.27,2668,1450.3
4116150,-117.73,45.62,622,1819.6
4116170,-117.25,44.88,404,1524.6
4116193,-110.69,44.09,1259,2502.2
4116200,-118.15,46.76,6475,748.8
4116201,-116.95,46.92,821,958.1
4116301,-116.26,46.48,14452,1650.6
4116302,-116.02,46.23,12562,1721.8
4116311,-115.65,46.84,3522,1482.6
4116320,-115.51,46.09,4947,1902.5
4116325,-115.59,46.15,3056,1670.7
4116330,-116.32,45.75,35094,2113.2
4116331,-114.44,45.32,16239,2189.1
4116332,-113.9,45.18,9738,2184.7
4116333,-114.73,44.27,2077,2432.9
4116340,-113.64,44.94,2318,2261.9
4116350,-115.72,42.77,6812,1747.7
4116351,-115.67,41.93,989,2090.4
4116360,-114.93,44.22,381,2253.9
4116370,-114.05,44.52,2142,2339.7
4116407,-116.12,44.91,373,2102.8
4116461,-115.73,43.66,2150,2073.8
4118100,-119.83,38.77,169,2096
4118200,-118.36,35.05,41,907
4118220,-117.84,34.42,59,1980
4118300,-116.54,33.74,241,1200.7
4118310,-116.39,33.63,79,1217
4118320,-116.23,35.85,8003,1075.6
4118400,-119.18,43.72,2419,1559.4
4118420,-118.87,42.79,518,1916.2
4118450,-117.58,41.98,363,1900.9
4118800,-112.43,37.65,881,2435.2
4118900,-111.03,42.4,293,2209.8
4119150,-91.26,42.74,4002,339.8
4119170,-90.53,41.77,6050,307.3
4119210,-89.62,42.3,3434,285.8
4119220,-89,42.19,2846,266.6
4119230,-90.16,41.49,2598,228.4
4119252,-92.91,42.07,3968,351.1
4119262,-92.47,42.65,4302,351.3
4119263,-92.67,43.06,2730,365.2
4119270,-91.28,40.75,11168,272.8
4119271,-92.66,41.36,4235,296.6
4119283,-94.19,42.72,3388,366.9
4119286,-94.38,41.99,4193,371.4
4119288,-93.8,42.43,2186,357
4119295,-90.98,39.02,2339,220
4119310,-88.19,41.35,13338,217.1
4119311,-87.67,41.16,5942,223.2
4119312,-87.34,41.18,4608,227.1
4119313,-86.97,41.22,3502,229.9
4119315,-87.82,41.01,5416,211.2
4119318,-88.93,41.21,3240,210.2
4119327,-90.63,40.02,3349,195.1
4119431,-90.62,44.56,1940,407.8
4119500,-90.75,42.55,337,279
4119510,-90.63,42.08,4022,287.7
4119600,-87.94,42.34,601,220
4120112,-107.3,44.85,534,2596.8
4120800,-106.36,47.35,6615,877
4120952,-110.57,45.6,9197,2489.9
4120953,-110.79,45.11,6783,2630.3
4120960,-105.35,44.93,3203,1247.6
4121100,-103.26,47.6,21523,958
4121101,-103.92,46.3,12018,1069.8
4121102,-103.97,45.55,5102,1134.2
4121110,-101.62,47.29,5802,683.4
4121111,-102.06,47.15,3186,705.7
4121120,-100.93,46.38,10619,747.7
4121121,-102.55,46.43,1502,819.4
4121125,-101.33,46.09,4532,790.7
4121126,-102.47,46.15,1432,844.2
4121130,-102.16,45.2,6889,883.6
4121131,-100.84,45.26,12639,810.8
4121140,-103.82,43.31,18500,1445.7
4121145,-104.94,44.32,4377,1455.3
4121150,-100.38,44.33,8047,660.6
4121310,-96.96,42.99,4351,475.9
4121311,-96.92,42.82,5962,467.3
4121320,-96.56,42.84,21818,506.1
4121321,-96.75,44.18,10096,547
4121330,-96.31,42.58,2295,425.1
4121340,-95.8,42.47,6475,430.5
4121341,-95.97,41.96,9132,415.4
4121350,-95.78,41.64,2256,409.6
4122100,-96.28,41.29,17871,496.5
4122101,-98.03,42.12,5698,653.6
4122105,-96.52,41.71,2629,435.3
4122110,-100.1,41.82,5284,997.2
4122111,-100.53,41.78,2502,1078.1
4122120,-107.2,42.46,6027,2149.8
4122154,-106.34,40.64,3706,2712.6
4122155,-106.51,42.01,6055,2332.4
4122160,-95.63,40.63,7268,377.2
4122165,-95.58,40.87,3434,384.5
4122170,-95.81,40.39,2051,355.7
4122180,-95.6,40.04,3468,373.8
4122190,-94.7,39.69,4558,333.5
4122200,-96.72,39.45,23569,467.9
4122210,-96.75,39.7,9088,493.9
4122211,-96.86,39.78,8609,502.5
4122212,-98.07,40.33,2549,594
4122221,-100.86,38.79,9208,1080.2
4122260,-93.2,38.99,2901,241.7
4122280,-91.98,37.93,7356,354.4
4122281,-91.82,38.39,8236,322.6
4122360,-99.55,40.13,9946,970.5
4122636,-99.38,41.78,6086,854
4122638,-100.11,41.83,4740,1073.9
4122639,-98.74,41.03,6009,756.4
4123083,-83.36,36.85,969,685.7
4123085,-84.53,36.63,2471,468.5
4123120,-87.98,38.39,590,134.8
4123135,-86.26,40.78,2044,252
4123136,-86.56,41.16,2217,257.2
4123137,-88.02,38.94,3926,189.4
4123140,-87.77,38.08,269,142
4123209,-86,39.36,1228,246.1
4123225,-86.23,38.24,1233,229
4123235,-84.28,39.87,1684,306.6
4123240,-84.81,38.27,1225,276.4
4123245,-85.7,37.77,3364,272.6
4123255,-83.42,38.8,1002,269.6
4123265,-81.71,38.18,1013,554.4
4123270,-80.81,37.64,4193,861
4123271,-80.64,37.72,3533,870.3
4123272,-80.13,38.19,1399,973.6
4123275,-81.01,37.54,1023,774.7
4123277,-80.75,36.94,5703,858
4123278,-80.98,36.65,2929,909.6
4123290,-81,39.48,1186,317.7
4123310,-85.67,38.8,759,252.7
4123320,-80.54,40.68,1285,341.7
4123330,-80.04,39.15,2367,839.1
4123331,-79.94,39.03,1052,908.2
4123335,-79.62,39.07,904,995
4123337,-79.68,39.1,552,965.9
4123340,-79.67,39.35,2432,944.4
4123341,-79.68,39.12,1870,1004.9
4123345,-79.42,39.42,347,789.3
4123347,-79.23,39.86,989,721.7
4123351,-78.39,41.96,1424,596
4123355,-79.96,41.44,2662,431.2
4123357,-79.39,40.99,1368,484
4123370,-83.4,36.43,3818,621
4123381,-82.59,35.5,1751,778.6
4123385,-82.46,36.18,2085,966.8
4123510,-85.16,39.58,1352,318.4
4123810,-81.84,37.49,1305,678.9
4123811,-82.39,37.82,3077,542.1
4123850,-81.84,38.08,697,519.2
4125020,-94.57,37.25,3015,337.9
4125062,-97.91,35.95,40697,744.5
4125063,-98.88,36.52,34535,876.1
4125064,-100.49,37.01,22108,1213.8
4125065,-96.87,36.12,80,278
4125075,-102.96,36.93,2864,1789.8
4125080,-97.28,36.81,4815,412.8
4125100,-99.35,38.2,5563,759.9
4125110,-98.01,37.86,2038,554.6
4125205,-95.16,34.91,316,262.5
4125210,-94.41,35.16,381,262.5
4125552,-104.49,36.3,7382,2267.8
4125561,-101.49,36.72,5540,1302.7
4125810,-97.39,37.83,3437,458
4125904,-94.08,36.07,1036,488.7
4125910,-90.85,36.62,5278,270
4125911,-91.01,36.99,4318,314.9
4125917,-91.11,36.35,2937,221.7
4125918,-91.2,36.65,2054,279.1
4125920,-92.75,35.98,2147,438.4
4125925,-93.46,36.81,2556,409.1
4125930,-93.62,36.43,1365,502.2
4125944,-90.79,37.34,1254,314.6
4125950,-91.36,37.16,1031,326
4126815,-99.9,35.01,1077,633.7
4126850,-100.07,34.23,7133,758.7
4126851,-99.28,34.18,9034,729.3
4127150,-88.98,35.28,3833,150.5
4127400,-89.22,36.24,4856,135.9
4127600,-90.54,33.55,1986,43.6
4127700,-90.7,32.35,7283,104.1
4127701,-89.77,33.19,2660,126.7
4127910,-91.11,31.32,2038,117.4
4127920,-91.3,31.23,466,89.7
4127940,-90.84,30.89,1502,101.4
4127941,-90.99,30.46,3315,71.8
4127950,-90.68,30.5,640,63
4132100,-92.09,46.63,1088,341
4132300,-90.7,46.49,1546,414
4132900,-85.27,46.58,2046,248.6
4133100,-87.2,45.76,1166,322.1
4133300,-87.91,43.1,1803,251.1
4133550,-85.85,41.59,1538,279.3
4133651,-85.2,42.32,2134,306.9
4133652,-84.96,42.26,1163,322.1
4133750,-85.68,42.96,12691,267.7
4133751,-84.56,42.75,3186,288.5
4133800,-85.7,44.44,2220,376.6
4134350,-84.71,43.63,1077,293.7
4134600,-83.18,43.58,930,235.6
4135210,-83.16,41.31,3240,263.3
4135215,-83.19,41.04,2005,283.5
4135300,-82.91,42.6,1901,221.1
4135500,-81.23,41.72,1774,288
4135800,-78.94,42.46,1129,533.5
4143500,-74.78,44.86,1585,374.2
4143790,-72.7,44.96,1241,333.2
4145050,-122.59,48.84,2036,682.7
4145085,-121.57,48.42,1849,1251.5
4145100,-124.25,47.81,655,1048.2
4145120,-123.89,47.46,684,757.5
4145130,-124.32,47.54,1153,525.9
4145150,-123.49,47,774,225.4
4145200,-121.65,47.49,399,1161.1
4145300,-121.07,48.67,272,1413.9
4145401,-123.58,48.05,697,1218.5
4146100,-124.08,41.79,1590,912.7
4146120,-124.05,41.3,717,550.6
4146140,-121.88,42.56,7770,1598.9
4146141,-121.83,42.74,3341,1556
4146145,-121.85,42.58,4053,1651.4
4146200,-123.33,39.71,1930,1252.2
4146230,-123.67,39.17,785,410.9
4146250,-122.62,39.17,156,887
4146300,-121.73,37.87,110,161
4146310,-122.39,37.33,132,408
4146320,-121.07,36.27,604,724.4
4146330,-121.77,37.46,200,791
4146340,-121.49,37.08,282,469.5
4146350,-121.68,37.56,337,739.5
4146380,-120.07,37.9,373,1901.2
4146410,-120.23,35.02,2295,1126.9
4146610,-120.17,34.84,728,1136.6
4146630,-119.91,34.6,192,956.5
4146910,-116.76,33.3,66,912
4146950,-116.95,33.05,149,731.5
4147210,-71.09,43.99,997,465.7
4147410,-71.56,42,236,134.3
4147440,-71.83,41.38,764,60
4147450,-72.18,41.7,1046,177.6
4147465,-72.04,44.37,1129,432.5
4147470,-72.9,42.24,244,323.5
4147510,-74.17,41.69,1800,201.4
4147540,-74.08,40.89,141,60.5
4147721,-78.02,40.48,2113,389.8
4147810,-75.79,39,293,17
4147903,-78.65,39.45,3849,578.1
4147905,-77.37,39.4,2116,175.5
4147907,-78.21,38.91,4253,495.4
4148070,-77.17,36.77,3680,58
4148610,-81.42,32.19,6864,87.3
4148750,-81.87,31.22,7226,51.2
4148950,-81.31,26.93,806,26.7
4149110,-89.9,30.63,3142,84.1
4149123,-89.34,32.8,2341,143.1
4149310,-88.14,30.8,324,52.5
4149355,-88.91,32.33,956,125.3
4149360,-88.81,31.1,9052,93.2
4149415,-86.98,33.71,2292,251.7
4149430,-84.85,34.83,653,435.3
4149510,-86.63,30.75,1616,75.4
4149610,-85.17,30.53,2023,47.7
4149710,-84.38,30.55,2953,77.5
4149780,-82.93,29.96,20409,60.4
4149781,-82.92,29.79,24320,59.3
4149810,-82.72,29.85,2634,40.2
4150282,-98.56,28.31,20961,303.8
4150300,-97.77,28.92,619,129.5
4150315,-97.65,29.67,2170,248.2
4150320,-97.45,29.22,1422,111.4
4150410,-96.69,28.96,2116,60.7
4150461,-99.11,30.66,8410,624.4
4150462,-99.73,30.5,4804,669.6
4150470,-100.61,31.38,6871,792.5
4150471,-100.71,31.43,5398,795.2
4150515,-98.02,31.08,2119,384.5
4150585,-99.14,28.74,8881,360.4
4151300,-104.05,32.02,1784,1221.2
4151400,-104.72,33.3,2494,1959.4
4151410,-104.41,32.74,2745,1986.3
4151421,-105.32,35.65,218,2395.7
4151600,-106.85,34.41,19036,2016.6
4151610,-107.75,35.07,5957,2231
4152120,-113.61,34.23,12000,1239.2
4152200,-108.68,32.73,7327,2086.1
4152201,-108.54,33.06,4828,2260.1
4152400,-111.72,34.07,15175,1672.4
4152500,-110.11,31.38,1909,1614.8
4152580,-108.42,40.55,9661,2128.7
4152900,-109.3,33.05,7164,2092
4185100,-67.09,18.36,184,256.5
4185200,-66.03,18.03,47,7
4185250,-66.53,18.43,510,390.8
4185251,-66.46,18.32,332,533
4185252,-66.41,18.29,143,576
4185301,-66.01,18.24,233,5.5
4185350,-67.15,18.14,311,311.3
4185400,-65.97,18.26,156,3.5
4185500,-67.05,18.28,244,558
4185650,-66.37,18.45,257,258.8
4202100,-137.97,60.12,16200,1275.8
4202110,-137.51,60.75,8500,1152.8
4202120,-136.99,61.18,2960,1130.2
4202130,-136.99,61.2,194,1136.5
4202200,-137.09,60.12,1750,1272.7
4202210,-136.92,60.1,365,1406.2
4203050,-139.88,67.56,55400,666.5
4203060,-139.7,67.63,13900,486.3
4203150,-135.89,63.59,31598,1299.5
4203165,-137.27,63.61,2870,1052.8
4203210,-139.41,64.04,7800,1083.8
4203215,-138.58,64.02,1100,1144
4203220,-139.63,63.77,2220,831
4203250,-139.49,63.08,149961,1162.5
4203300,-140.55,61.99,6240,2151
4203330,-139.05,61.43,4950,1546
4203335,-139.16,61.36,631,1484
4203340,-137.02,62.57,1730,1131.2
4203400,-136.27,62.1,81800,1162.1
4203410,-136.28,62.05,6370,1113.2
4203500,-136.58,62.83,49000,1186.9
4203501,-133.38,62.22,22100,1267.3
4203510,-132.38,61.99,7250,1170.2
4203700,-134.46,60.61,1700,1056.3
4203750,-134.9,60.13,875,1293.4
4203755,-135.01,59.84,240,1148
4203760,-134.78,61.49,36519,1147.7
4203770,-133.3,60.48,30300,1172.1
4203790,-131.77,59.93,3320,1360.8
4203800,-134.39,59.59,717,1407.3
4203810,-134.21,59.43,269,1299.1
4203850,-133.81,59.6,6810,1180
4203860,-134.32,59.95,992,1260.5
4203870,-132.91,59.91,1910,1282.5
4203900,-135.19,61.43,30821,1176.6
4203901,-135.04,60.71,19400,1187.6
4203910,-135.74,60.85,6990,1264.9
4203911,-136.12,60.61,4070,1287.2
4204010,-131.67,56.74,9350,1243.3
4204100,-131.15,57.9,29300,1367.1
4204900,-132.13,56.71,51593,1250.5
4206010,-130.69,56.35,1480,1339.8
4206100,-129.09,55.26,19200,1070.5
4206210,-129.31,54.36,370,890.3
4206280,-127.5,54.6,368,1357.7
4206300,-132.21,53.61,477,199.2
4206500,-126.16,52.42,3730,1544.5
4206650,-124.92,50.98,5720,1586.4
4206820,-126.57,50.44,360,874.2
4206840,-126.1,49.71,185,1011.7
4206860,-124.48,49.35,237,725.5
4206880,-124.31,48.58,580,598.5
4206890,-123.67,48.73,209,479.3
4206920,-127.68,55.72,12400,1315.7
4206950,-123.2,49.79,2330,1211.5
4207050,-127.54,53.65,87,1482
4207100,-125,54.01,3600,1031.3
4207130,-124.24,54.61,414,887.9
4207150,-124.27,54.42,14600,1008.9
4207190,-122.62,54.01,32400,1334
4207200,-122.37,54.05,2875,1120.9
4207220,-122.68,54.1,4300,870.4
4207250,-122.89,53.31,12400,1163.9
4207300,-123.54,52.07,6940,1641
4207305,-122.65,51.85,19300,1490.4
4207320,-122.22,52.84,11500,1360.5
4207321,-121.57,52.62,5930,1400.7
4207330,-121.76,52.92,133,1626.5
4207350,-120.22,53.44,252,1750.1
4207380,-119,52.98,1700,1976.8
4207390,-118.8,52.92,458,1923.5
4207600,-120.19,52.14,2950,1604.9
4207610,-119.41,52.73,298,1847.4
4207710,-119.88,51.35,168,1474.2
4207750,-122.8,50.34,2160,1521.5
4207770,-121.86,49.95,715,1420.2
4207810,-121.23,50.33,7280,1287
4207820,-120.21,51.12,135,931
4207830,-120.24,51.04,19600,1386.5
4207850,-119.65,50.94,3080,1352.5
4207880,-118.8,50.94,904,1622
4207910,-121.96,49.1,1230,1320.2
4207950,-120.13,49.97,87,1682
4208030,-133.86,67.75,1310,133.8
4208040,-134.88,67.25,70600,845.1
4208041,-136.04,65.89,25700,1045.8
4208065,-133.08,66.79,18600,852.5
4208110,-127.68,65.3,6860,895
4208130,-117.62,56.92,4680,820.3
4208160,-123.51,65.13,145000,322.7
4208168,-117.76,65.6,31100,344.8
4208200,-123.43,62.48,9840,911.2
4208210,-115.02,64.39,1790,416.3
4208221,-125.8,61.64,14600,1457.5
4208225,-125.41,61.53,8560,1320.4
4208230,-122.09,61.34,542,457.3
4208240,-128.15,59.95,9450,1218.7
4208245,-126.46,59.66,3740,914.5
4208251,-129.21,59.19,6940,1318.5
4208255,-127.31,59.62,22700,1259.1
4208256,-127.53,59.1,11200,1338.3
4208258,-127.84,59.06,6580,1351.8
4208260,-126.95,59.69,9190,1107.1
4208265,-129.13,59.76,1700,1284.5
4208267,-129.82,59.12,888,1463.8
4208270,-126.1,59.41,104000,1260.5
4208271,-121.22,61.75,275000,1116.3
4208272,-124.48,59.74,119000,1261.8
4208274,-127.23,59.7,61600,1238.7
4208275,-128.9,60.05,33400,1270.4
4208280,-123.48,60.24,222000,1119.3
4208288,-126.23,59.45,211,969.9
4208289,-125.94,59.34,1190,1319.2
4208290,-129.12,60.47,12800,1249.2
4208295,-129.55,60.21,5100,1336.2
4208297,-129.7,60.16,607,1091.4
4208307,-122.72,58.03,332,872.1
4208308,-122.72,58.11,109,879
4208325,-125.38,58.86,2570,1631.2
4208335,-119.84,61.14,9270,525.8
4208350,-116.97,63.11,13900,344.8
4208357,-115.43,63.97,13300,384.7
4208360,-122.66,58.79,20300,1088.4
4208370,-114.16,62.55,16300,339.4
4208371,-114.26,62.67,11300,347.3
4208383,-123.32,58.89,273,519.8
4208386,-122.9,62.65,20200,384.8
4208399,-122.69,57.23,2160,1461.8
4208410,-108.47,62.89,26600,430.7
4208420,-111.95,60.65,58700,398.2
4208427,-109.65,60.51,8830,442.3
4208461,-118.33,58.6,10400,645.9
4208477,-117.42,60.94,15600,408.3
4208480,-122.36,56.46,2200,1352.4
4208485,-123.93,56.47,2220,1441.3
4208487,-124.9,57.19,1700,1628.3
4208491,-125.25,57.13,16000,1509.6
4208495,-125.64,57.45,2410,1595.2
4208500,-124.56,55.92,5490,1382.8
4208505,-124.64,56.24,2980,1490.1
4208507,-124.8,56.13,1960,1405.6
4208510,-125.11,56.73,4200,1559.7
4208515,-124.23,55.2,6720,1173.3
4208516,-123.62,55.44,4350,1188.5
4208520,-123.04,55,3690,901.5
4208527,-122.6,54.53,311,983.2
4208530,-121.22,56.68,1750,810.8
4208536,-121.35,56.09,1520,926
4208540,-121.2,55.56,5620,1250
4208541,-121.02,55.07,2410,1303.2
4208544,-120.94,55.09,697,1165.4
4208545,-121.62,55.54,2510,1259.8
4208547,-121.59,55.54,86,1303
4208561,-121.63,56.25,9350,1126.9
4208565,-120.7,56.28,15600,787.8
4208570,-121.21,55.72,12100,1192.8
4208575,-120.15,56.33,298,785.8
4208580,-120.56,55.96,3570,888.3
4208585,-120.03,55.86,2850,803.7
4208590,-122.9,55.08,4900,1183.8
4208596,-118.8,55.07,11300,1091
4208640,-117.62,55.72,50300,1215
4208645,-117.16,55.46,11100,883.7
4208650,-117.13,56.06,1960,687.7
4208770,-115.41,55.32,1900,908.2
4208780,-116.49,55.45,1163,773.7
4208792,-114.59,55.29,14400,745.9
4208793,-114.75,55.31,13600,744.4
4208798,-114.23,55.26,2100,708.1
4208810,-117.21,54.75,1040,858.7
4208821,-115.39,57.88,35800,621.1
4208857,-112.47,55.2,1110,637.4
4208880,-111.25,56.69,30800,539.2
4208920,-118.06,52.91,3900,2052.3
4208921,-118.11,52.86,630,1956
4208940,-116.63,53.47,2560,1424.8
4208941,-116.16,53.7,7150,1252.1
4208942,-116.28,53.65,6310,1282.7
4208950,-116.27,53.6,829,1029.4
4208955,-115.11,53.61,1570,868.7
4208960,-115,53.6,4430,1043.2
4208971,-105.54,59.15,50700,440.3
4208978,-104.61,58.39,3160,499.8
4208983,-109.79,58.32,1690,440.5
4208987,-108.17,58.97,9120,482
4209100,-133.41,68.74,68,122
4209150,-128.41,68.63,56300,260
4209500,-111.9,67.64,5960,398.9
4209550,-108.8,66.73,16800,450.6
4209600,-104.14,67.71,16900,230.2
4209650,-104.99,69.13,1490,54.7
4209800,-96.5,66.08,98200,277.3
4209805,-96.51,66.09,93900,277.3
4209806,-106.09,65.19,19600,381.5
4209810,-104.49,65.01,14500,344.1
4213010,-113.48,49.35,657,1506.5
4213011,-113.7,49.1,319,1791.8
4213025,-94.21,56.52,3290,163.7
4213030,-116.47,52,1920,2236.4
4213040,-116.19,51.43,422,2110.4
4213045,-115.57,51.17,2210,2139.7
4213050,-114.93,52.27,859,1221.8
4213055,-113.12,50.13,2780,1020.8
4213060,-114.85,52.25,2230,1666.7
4213070,-114.57,50.95,790,1909.2
4213075,-114.1,51,1220,1667.2
4213080,-114.59,50.28,166,2110
4213090,-114.21,50.2,163,1520
4213095,-114.14,49.49,823,1721.2
4213100,-114.18,49.81,1450,1795.3
4213105,-113.84,49.11,614,1871.1
4213120,-113.3,49.2,308,1410
4213131,-113.87,50.59,1980,1648.7
4213132,-113.86,50.7,2340,1545.3
4213134,-113.82,50.78,3990,1538.5
4213140,-105.4,50.4,3470,623.4
4213150,-114.14,52.03,2560,1120.3
4213160,-113.79,52.35,1790,927
4213170,-113.76,53.66,1910,739.5
4213171,-91.54,50.17,450,388.7
4213172,-94.46,50.36,1530,378.8
4213180,-113.58,52.66,1840,874.1
4213191,-99.03,49.22,4510,484.3
4213193,-98.28,49.03,7510,480.9
4213200,-104.8,50.71,10400,551.1
4213201,-104.29,50.79,36500,585.5
4213202,-101.56,50.49,50900,587.4
4213240,-98.58,50.13,6390,327.4
4213241,-99.1,50.19,1850,413.1
4213286,-104.2,57.59,7730,519.6
4213315,-115.08,52.66,1350,1067.4
4213340,-108.48,49.84,1430,966.2
4213355,-96.6,51.7,9090,339.1
4213410,-97.89,55.74,18500,282.4
4213415,-93.48,50.87,4920,401.2
4213435,-97.51,51.36,1720,253.2
4213485,-97.43,49.68,1820,248.4
4213510,-102.1,53.61,12600,441.3
4213530,-102.07,52,1920,599.4
4213531,-101.06,52.2,4230,570.9
4213540,-101.32,50.96,2000,618
4213557,-99.9,50.36,2630,625.9
4213560,-101.04,52.88,14300,526.9
4213564,-115.02,51.65,2250,2014.5
4213566,-102.19,52.86,11000,545.9
4213571,-101.92,51.56,13000,542.9
4213580,-99.94,50.52,759,658.6
4213600,-99.97,54.79,3290,306.5
4213601,-97,55.74,15400,245.2
4213603,-99.55,51.85,55100,391.9
4213605,-99.32,49.1,1520,491.5
4213610,-99.21,49.9,293,379.8
4213620,-98.95,48.93,184,486.5
4213640,-116.69,51.88,249,2348.5
4213675,-99.97,51.45,8700,443.3
4213700,-98.19,55.49,883,233.8
4213715,-94.68,56.34,1090,165.4
4213730,-97.67,53.79,4400,261.3
4213740,-96.75,52.78,6790,301.6
4213750,-96.25,50.86,712,314.3
4213765,-115.52,52.82,875,1228.8
4213770,-96.43,50.09,1580,288.4
4213780,-95.96,49.94,3700,322.5
4213790,-96.28,49.21,414,360.5
4213795,-95.66,48.99,455,346.2
4213810,-97.36,56,6130,251
4213820,-116.17,51.43,306,2305.8
4213835,-115.43,52.37,1860,1883.5
4213840,-93.45,57.03,2280,142
4213850,-93.26,50.51,1690,392.7
4213880,-92.72,48.85,4870,431.7
4213905,-92.28,48.74,5880,471.7
4213910,-91.46,49.88,6230,460.9
4213920,-116.58,51.8,21,2356
4213935,-104.16,53.59,4650,533.7
4213945,-93.1,50.91,2370,413
4213955,-92.87,49.83,2300,418.4
4213956,-93.4,49.96,6370,405.6
4214010,-99.59,64.26,67300,312.2
4214025,-92.79,56.43,103000,197.5
4214035,-69.62,57.67,42700,369.6
4214050,-101.36,64.53,65300,317.3
4214051,-97.05,64.78,152000,306.4
4214070,-98.78,60.79,27000,333.3
4214080,-85.01,53.09,36000,261.2
4214090,-95.85,63.65,72300,292
4214091,-100.97,61.25,21400,387.2
4214105,-96.28,58.89,48100,315.1
4214106,-98.23,58.14,13000,349.1
4214210,-110.22,54.35,14500,636.5
4214264,-104.73,55.65,119000,540.8
4214265,-107.73,55.92,78700,542.7
4214275,-95.76,56.94,5810,235.6
4214280,-95.66,57.65,4250,230.2
4214287,-103.71,57.09,10200,450
4214290,-106.56,56.24,3680,533.2
4214295,-109.39,55.71,2330,599.9
4214297,-108.04,55.41,4730,487.3
4214298,-107.74,54.93,2960,493
4214300,-107.81,54.82,45000,619.5
4214301,-108.6,54.3,20500,632.2
4214310,-95.12,54.86,8880,225.6
4214320,-94.2,58.02,1880,143.3
4214330,-94.66,54.06,14000,271.3
4214350,-93.84,55.03,25900,239
4214351,-92.1,55.85,65500,196.8
4214380,-92.54,52.66,619,348.3
4214390,-91.52,53.49,36500,334.3
4214400,-91.6,51.17,5390,412.3
4214410,-90.57,49.62,1170,487
4214420,-90.19,52.58,5960,375.3
4214430,-88.75,52.31,4900,339.4
4214450,-87.23,54.52,50000,241.5
4214470,-87.94,53.72,7950,243.8
4214475,-85.65,54.28,4710,115.1
4214480,-87.08,52.09,24200,340.7
4214500,-84.53,49.78,2410,312.2
4214505,-85.23,49.77,2020,307.6
4214507,-88.93,50.87,11200,428.8
4214510,-84.1,49.74,3780,330.5
4214530,-83.26,49.62,8940,362.9
4214531,-82.12,50.58,22900,288.9
4214560,-80.77,51.08,6680,187.4
4214565,-80.87,51.15,4250,106.5
4214610,-78.11,48.6,3680,327.4
4214620,-77.27,48.35,2010,372.7
4214621,-77.61,49.75,22200,355.4
4214655,-77.19,49.86,31900,385.4
4214670,-76.39,50.75,9820,341.7
4214680,-76.87,51.45,40900,448.7
4214690,-78.1,51.53,6090,236.7
4214760,-74.47,53.17,13200,463.8
4214810,-77.06,55.01,4660,277.8
4214820,-74.34,55.68,10400,405.1
4214900,-67.58,57.88,29800,345.1
4215010,-120.98,49.47,256,1603.2
4215011,-120.52,49.46,1760,1315.8
4215040,-119.99,49.21,1050,1903.2
4215050,-120.15,49.38,5590,1506.3
4215051,-120.5,49.46,1850,1583.5
4215070,-119.54,50.21,112,1195.5
4215090,-119.32,49.25,117,1616
4215120,-119.41,49.88,811,1460.8
4215125,-118.44,49.04,2050,1329.3
4215130,-119.05,49.56,144,1400.7
4215150,-118.13,49.91,201,1080
4215160,-117.75,50.28,337,1777
4215165,-117.73,50.74,100,1550
4215180,-118.22,48.98,9840,1345.4
4215230,-117.29,49.05,1230,1528.1
4215250,-117.45,49.7,178,1772.2
4215260,-117.56,49.46,3320,1523.2
4215270,-116.95,49.91,453,1737.6
4215300,-116.57,49,251,1460.9
4215330,-117.26,49.5,9,1615
4215340,-116.18,49,1620,1470.2
4215350,-116.78,50.08,461,2066.5
4215400,-117.68,50.77,1020,1832.6
4215425,-116.95,50.29,2160,1858.4
4215430,-116.97,50.26,1620,1628.9
4215440,-116.58,50.16,118,2299.5
4215450,-116.45,49.74,206,1934
4215460,-116.17,49.61,1480,1871.5
4215650,-117.72,51.68,427,2079.6
4215660,-117.18,51.48,9710,1800.9
4215670,-116.94,51.3,1850,1887.8
4215680,-115.86,50.32,891,1677.4
4215690,-115.77,49.9,637,1592.8
4215700,-115.74,49.91,7120,1937.2
4215705,-115.42,49.42,13600,1824.5
4215706,-115.63,49.61,11400,1829.7
4215710,-115.07,49.51,3110,1881.9
4215750,-116.04,50.89,420,1838.2
4215800,-114.86,49.84,84,1885
4215900,-114.48,49,1110,1706.4
4220100,-106.84,48.97,839,896
4220501,-112.08,49.14,2720,1350.7
4231250,-68.96,47.21,1350,343.8
4231500,-67.26,45.21,115,81.5
4231590,-67.32,45.94,234,170.5
4231610,-68.64,47.55,2690,311.1
4231650,-66.61,46.13,1450,221.8
4231680,-66.68,45.67,557,103.6
4231700,-66.47,45.17,239,144.5
4231800,-65.37,46.07,668,88.6
4232030,-89.31,48.38,187,255
4232300,-87.69,48.93,616,443.7
4232600,-88.38,48.9,2980,321
4232700,-86.3,48.77,4270,314.5
4232900,-83.97,46.86,1160,453
4234100,-82.51,46.21,1350,324.2
4234400,-80.6,46.07,13900,319.7
4234500,-79.4,46.26,70,257
4234550,-79.38,45.67,321,427.8
4234600,-79.28,44.71,1520,299.3
4234650,-79.82,44.25,1180,299
4234670,-80.93,44.52,181,337
4234680,-81.25,44.67,927,242.5
4234700,-81.33,44.46,3960,370.4
4234701,-81.12,44.12,2150,424.6
4234720,-81.02,44.11,163,353.5
4234850,-81.59,43.55,466,315.6
4234900,-81.66,43.07,865,282.4
4235190,-81.85,42.83,730,239.3
4235191,-82.01,42.65,1160,227.4
4235200,-81.63,42.96,172,259.8
4235400,-80.72,42.86,342,244.2
4235490,-80.71,43.38,552,383.7
4235500,-80.45,43.19,1030,346.4
4236050,-79.38,43.13,293,187.2
4236100,-79.78,43.5,199,190.3
4236300,-79.58,43.79,197,261
4236500,-78.62,43.93,83,227.5
4236600,-77.78,44.37,9090,324.9
4236700,-77.42,44.25,2620,222.6
4243040,-78.36,48.41,984,325.2
4243055,-78.35,46.33,575,363.5
4243070,-76.56,45.5,2380,256.6
4243080,-75.75,47.08,6840,425.6
4243140,-75.07,45.83,1300,286.2
4243141,-75.09,45.79,1330,273.8
4243160,-74.64,45.16,404,81
4243200,-74.5,46.37,40,664
4243210,-73.43,46.01,1340,353.1
4243215,-74.69,45.74,5460,417.4
4243220,-73.84,45.17,686,108.5
4243250,-72.86,45.95,342,76.8
4243280,-71.66,45.47,642,466.2
4243290,-71.39,45.58,746,525.2
4243310,-72.74,47.77,1570,391.8
4243315,-71.62,46.37,1410,349.2
4243320,-71.29,46.66,709,274.3
4243330,-71.88,46.85,1550,500.1
4243340,-71.45,46.31,622,353.2
4243350,-71.16,47.27,4,772
4243360,-71.22,46.59,5820,436.8
4243370,-70.76,46.82,821,458.6
4243420,-72.05,48.81,1090,304.8
4243550,-68.56,48.41,1590,324.2
4243800,-66.19,50.35,19000,553.3
4244460,-61.43,54.13,4480,420.1
4244550,-56.87,52.65,2310,313.7
4244610,-61.32,52.23,4540,468.3
4244635,-61.71,50.43,15600,374.9
4244710,-56.79,51.14,306,119.1
4244720,-57.15,50.61,624,347.4
4244730,-57.36,49.24,2110,255.9
4244740,-56.11,49.51,974,203.2
4244750,-57.93,48.62,470,361.6
4244770,-54.85,49.02,4400,167.5
4244780,-55.44,47.75,1170,201.4
4244785,-55.33,47.21,205,129.8
4244788,-54.29,47.95,764,193.6
4244790,-53.3,46.85,54,166
4244792,-52.84,47.63,4,-55
4244795,-53.57,47.22,285,99.8
4244810,-64.7,48.98,645,386.4
4244820,-64.62,48.83,1010,426.6
4244830,-66.35,48.16,1140,332
4244840,-66.89,47.83,2270,344.2
4244850,-67.48,47.67,3160,350.2
4244860,-65.69,47.66,363,255.6
4244870,-65.91,46.94,1340,356.9
4244880,-65.83,46.74,5050,258.3
4244900,-63.63,46.35,114,66.5
4244910,-61.14,46.22,357,187.6
4244915,-60.98,46.37,368,407.5
4244920,-60.6,45.73,120,43
4244930,-63.56,45.68,298,211.8
4244960,-61.98,45.17,1350,131.4
4244970,-63.66,44.85,97,76.5
4244975,-63.87,44.69,27,104
4244980,-64.35,44.56,370,160.3
4244985,-64.59,44.45,1250,145
4244990,-65.63,44.57,193,161.8
4244995,-65.37,43.84,495,102.6
4351130,-105.76,27.99,9405,1822
4351150,-104.92,27.14,7395,1799.4
4351410,-101.11,27.84,12825,989.6
4351420,-100.98,27.43,23086,1141.9
4351710,-99.83,25.18,1691,1915.9
4355310,-108.42,27.02,6439,1626
4355350,-107.7,26.17,5281,1819.5
4355410,-107.53,25.33,1018,945.1
4355450,-106.96,24.93,2241,1519.5
4355700,-106.57,23.96,6166,1579.3
4355950,-105.83,22.98,4653,1270.3
4356050,-105.33,22.48,5092,1495.8
4356110,-104.04,22.57,5796,1996.5
4356510,-100.88,18.16,1391,1427
4356650,-98.27,16.7,2514,1237.9
4356810,-94.77,16.6,13164,573.8
4357110,-107.08,29.73,4154,2085.3
4357510,-105.56,26.08,4911,2297.1
4357520,-105.45,25.25,6842,2348
4358110,-99.13,24.11,3250,1432.5
4358120,-98.95,23.94,1329,413.8
4358510,-98.27,21.17,1269,825.4
4358520,-98.13,21.03,1493,801.7
4358600,-97.46,20.55,1600,1104.3
4358800,-97.03,20.06,1467,1425.8
4359050,-96.36,19.36,2234,1211.2
4359320,-95.13,17.88,5842,441.9
4359500,-94.87,17.44,9224,381.9
4361100,-91.07,18.18,9628,109.1
4362110,-93.55,16.7,2551,809
4362120,-93.77,16.95,1958,932.4
4362130,-93.53,17.28,200,802.3
4363500,-92.13,14.68,1139,1702.3
4771210,-86.53,12.07,206,152
4772040,-86.12,12.73,728,684
4772140,-85.74,13.06,300,705
4977010,-82.83,8.53,788,1181.7
4977150,-81.63,8.07,1149,593
4977220,-81.25,8.2,745,514.1
4977310,-80.97,8.22,1370,454.6
4977350,-80.53,7.87,1000,272.4
4977410,-80.5,8.43,471,302.1
4977750,-78.28,8.97,726,265.6
4997050,-82.53,9.28,1680,1147.2
5101020,143.05,-12.66,1313,42.6
5101040,143.4,-14.17,470,27.5
5101050,143.85,-15.23,984,87.2
5101070,144.84,-15.28,2302,133.3
5101080,145.28,-16.18,911,58.3
5101110,145.76,-17.13,520,9.1
5101111,145.79,-17.1,552,9.1
5101116,145.97,-17.38,315,-8.4
5101117,145.97,-17.53,936,207.2
5101118,145.98,-17.61,400,77.5
5101160,145.92,-18.49,7454,467.7
5101161,146.14,-18.64,8581,413.7
5101170,146.63,-19.24,256,13.8
5101180,146.96,-19.39,69,0
5101190,146.96,-19.77,1133,59.4
5101250,149.05,-21.14,1434,48.7
5101251,149.05,-21.15,1370,48.7
5101290,150.67,-22.84,212,-4.5
5101303,149.58,-24.34,2473,129.2
5101305,149.33,-25.74,6039,405.4
5101307,148.88,-23.5,776,144.7
5101320,151.1,-23.98,1288,34.8
5101360,152.04,-26.43,1430,381.6
5101365,151.02,-25.94,1233,294.4
5101385,152.41,-26.01,655,85.4
5101420,152.92,-27.35,156,15.5
5101430,152.69,-27.6,622,103
5101460,153.4,-28.15,56,-10
5104160,151.28,-28.49,685,561.1
5104220,150.18,-26.71,3010,347.4
5104223,149.47,-26.85,1475,333.9
5104228,151.59,-28.03,395,432.8
5104230,146.59,-25.8,8070,593.2
5104245,144.79,-28.69,21446,233.9
5109110,139.25,-18.64,12690,211
5109150,144.52,-20.71,1958,678.3
5109170,142.88,-18.2,10987,480.5
5109200,142.38,-15.95,45872,361.4
5110030,144.08,-23.22,2700,242.4
5202010,153.29,-28.35,213,88.5
5202040,152.72,-29.97,1660,305.8
5202043,152.57,-28.89,4550,327.4
5202044,152.68,-29.51,16690,357.6
5202046,152.22,-28.93,236,523
5202048,152.71,-30.31,76,450
5202049,152.81,-29.72,1790,37.7
5202055,152.86,-30.64,431,59.9
5202060,151.83,-31.19,261,1062.5
5202065,152.16,-30.59,163,1101
5202067,152.78,-30.43,433,607.1
5202075,152.47,-31.42,1610,244.9
5202080,152.31,-31.92,6560,495.1
5202090,151.98,-32.24,156,60.8
5202095,151.96,-32.48,974,122.2
5202100,151.22,-31.92,764,826.1
5202105,150.1,-32.34,3340,379.5
5202110,151.39,-33.24,92,25.5
5202115,151.47,-33.07,55,1
5202120,150.28,-33.12,1010,523.2
5202130,150.77,-33.88,88,68
5202150,149.74,-35.34,1382,544.8
5202155,150.03,-35.15,166,634
5202160,150.24,-35.47,859,244.1
5202180,149.76,-36.2,920,288.8
5202185,149.51,-36.26,91,319
5202200,149.66,-37.07,764,237.5
5202225,149.03,-36.9,1127,747.2
5202226,149.44,-36.59,14,639
5202227,148.33,-36.95,361,656.2
5204013,147.69,-35.9,390,586.8
5204018,148.05,-36.32,1257,1337.9
5204100,148.16,-34.93,1025,445.3
5204108,149.35,-36.18,673,879.3
5204120,149.6,-34.11,1630,955.2
5204125,149.19,-33.8,145,930.5
5204180,151.07,-30.17,3990,1044.9
5204195,151.13,-31.06,907,1070.7
5204210,148.95,-32.68,1620,566.5
5204215,149.46,-32.95,119,823
5204303,149.09,-34.4,2240,732.5
5204410,150.24,-33.73,26,549
5221100,101.97,6.02,761,97.1
5222150,100.62,5.8,1710,464.3
5222700,101.14,4.14,455,665.8
5223100,102.15,5.77,11900,448.6
5224500,102.43,3.45,19000,336.1
5226300,101.36,3.8,1090,696.4
5226500,101.43,3.4,1450,416.5
5227400,102.26,2.34,350,121.7
5229500,103.73,1.78,1300,106.5
5230300,112.94,2.01,34053,590
5302100,149.52,-37.42,837,293.7
5302220,148.42,-37.09,857,762.8
5302242,147.37,-37.76,3903,910.4
5302245,147.17,-37.49,1979,1242.5
5302250,146.43,-37.99,906,939.4
5302260,146.16,-38.09,580,823.6
5302265,146.01,-37.87,106,1113.5
5302270,145.99,-38.58,1067,236
5302280,145.74,-37.95,41,384
5302285,145.56,-38.38,52,117
5302290,145.62,-37.78,140,532.5
5302295,145.81,-37.69,119,664
5302326,143.73,-38.53,17,134
5302350,143.33,-38.59,565,191.2
5302351,143.45,-38.65,4,198
5302360,147.48,-38.32,899,150.6
5302365,142.63,-38.33,8355,252.3
5302380,142.34,-37.63,671,273.7
5302410,142.51,-37.38,22,270
5304019,147.61,-36.95,1519,712.1
5304025,147.83,-36.45,252,967.5
5304030,146.88,-36.72,435,769.2
5304035,146.63,-36.81,182,564.7
5304062,144.45,-37.39,39,473
5304069,143.45,-37.3,308,426.8
5304070,144.06,-37.11,1088,368.6
5304080,143.3,-36.44,2668,210.6
5304081,143.41,-37.18,78,230
5304150,142.98,-36.64,596,199.7
5402100,139.9,-36.8,633,29.1
5402102,140.07,-37.43,3679,88
5402390,140.78,-37.09,1550,140.1
5404265,139.08,-33.84,541,306.8
5405030,138.72,-35.08,321,218.3
5405035,138.67,-35.1,29,175
5405050,138.77,-34.56,701,134.2
5405051,139.06,-34.46,121,44
5405070,138.63,-33.61,235,483
5405095,138.29,-32.09,187,374
5405100,138.58,-35.46,56,156
5405130,136.7,-35.96,187,139
5410100,140.84,-27.7,230000,237.5
5606010,120.9,-33.56,12,168
5606020,118.66,-34.34,3926,266.9
5606030,118,-34.89,2180,186.1
5606040,117.09,-34.89,1852,218.5
5606042,116.79,-34.91,4509,241.9
5606050,115.9,-34.52,3934,250.2
5606090,115.3,-34.28,628,100.2
5606100,115.62,-34.07,11593,295.7
5606110,116.44,-33.29,3,279
5606120,116.58,-33.38,171,273.2
5606130,116.08,-32.77,6758,299.9
5606140,116.43,-32.99,1408,317.4
5606145,116.01,-32.37,102,256
5606160,116.02,-31.75,581,180
5607010,115.29,-29.62,810,272.6
5607080,118.97,-22.72,1370,606.7
5607085,116.88,-21.45,553,224.5
5607100,114.55,-27.85,86777,404.4
5607200,113.77,-24.83,73432,419.4
5607400,115.5,-22.54,71387,489.1
5607410,115.92,-21.62,7104,384.6
5607450,116.16,-21.33,18371,433.8
5607451,119.79,-23.4,2822,611.8
5607500,119.25,-20.31,50007,303.2
5608020,126.31,-18.02,5115,394.3
5608023,126.03,-17.67,17152,434.5
5608024,125.58,-18.21,46133,387.7
5608030,124.99,-17.12,67,417
5608060,126.5,-14.81,1328,269.3
5608091,127.6,-17.43,552,465.1
5608095,128.85,-17.37,19513,348.3
5608200,126.21,-14.79,1622,324.1
5608300,126.79,-14.79,1289,256.6
5608400,127.18,-16.32,4088,440.6
5654100,120.7,18.08,534,957.6
5708100,129.06,-15.4,3496,77.7
5708110,130.96,-15.55,44900,225.3
5708125,130,-15.77,2342,153.9
5708126,129.73,-15.93,10204,156.3
5708130,132.41,-15.09,6290,190.3
5708140,131.1,-13.74,435,107.3
5708145,130.73,-13.83,47100,191.5
5708150,131.07,-12.61,101,6.5
5708155,130.94,-12.77,174,37.5
5708160,131.23,-12.91,4325,31.8
5708180,132.22,-13.6,466,188.9
5708185,131.65,-12.91,5700,65.5
5708190,136.82,-12.32,31,-4
5708200,133.04,-12.78,260,184.7
5709020,136.47,-13.98,156,1
5709100,134.42,-14.7,47400,174.1
5709110,136.09,-16.45,10400,157.3
5709111,135.76,-16.78,3885,186.6
5710060,133.89,-23.69,443,729.3
5712090,134.23,-19.56,72,325
5712100,134.23,-20.34,417,386.4
5762050,164.99,-20.78,247,371.5
5762700,166.85,-22.23,69,228
5803040,146.42,-42.03,186,1154
5803090,145.65,-42.17,449,1036.8
5803120,146.57,-41.26,259,152.4
5803140,145.12,-40.87,339,72.3
5803150,145.3,-40.87,324,35.6
5803160,145.61,-40.97,152,44
5803180,147.2,-41.6,3278,286
5803185,146.66,-41.52,474,245.8
5803190,146.13,-41.61,311,524.2
5803310,145.67,-41.25,101,573
5803520,146.51,-42.44,436,466.2
5803600,146.84,-43.04,2098,364.1
5803601,146.92,-43,2098,348.9
5803690,147.13,-42.94,40,126.5
5803700,145.95,-43.14,686,412.4
5803750,146.08,-41.25,500,266
5803800,145.77,-42.24,757,918.1
5863100,173.72,-35.41,11,85
5863101,173.68,-35.28,122,133
5864050,176.34,-38.02,632,283
5864100,176.77,-37.94,906,115.4
5864110,177,-38.01,1557,201.1
5864120,176.7,-38.46,1184,504.7
5864150,177.64,-37.86,1393,468.7
5864500,176.93,-39.72,53,191.2
5865550,175.24,-38.86,1075,466.9
5865601,175.59,-39.05,28,462
5865650,175.26,-39.57,506,855.8
5865700,175.19,-41.05,89,1061
5865800,173.91,-39.49,30,516
5865810,174.26,-39.28,11,127
5867100,171.89,-43.47,164,415.7
5867500,172.54,-42.79,1060,604.4
5867600,172.91,-42.46,440,1037
5868200,169.73,-44.48,557,667.9
5868300,168.95,-46.1,3465,505
5870100,173.94,-41.6,64,65
5870300,173.18,-41.71,550,686.5
5870500,171.88,-42.12,234,709.3
5870600,171.7,-41.84,6350,587.1
5870650,172.82,-41.8,195,715
5870700,172.59,-41.79,368,624
6112080,-8.17,41.2,3180,618.1
6114500,-7.52,40.61,606,715.9
6115800,-8.47,37.3,386,227.9
6116100,-7.68,37.83,701,220.9
6123150,-1.53,47.12,147,57
6123700,3.76,46.91,115,619
6125440,1.14,43.14,91,464.5
6125540,2.44,43.82,72,559
6139220,5.01,44.62,186,825.8
6139230,4.97,44.53,85,797
6139240,4.52,44.83,71,262
6139360,4.64,45.87,336,358.5
6139640,5.29,46.17,84,401
6139800,7.23,47.63,233,463.8
6140300,14.15,49.3,2913,630.8
6140450,15.1,49.74,1421,537
6140600,15.91,50.04,624,427
6140700,16.55,50.07,182,587
6142100,16.97,49.75,1559,559.5
6142300,17.75,49.53,1275,595.3
6142520,18.17,48.52,2094,440.1
6142550,18.78,49.43,484,615
6142640,18.91,49.07,827,729.9
6142650,19.13,48.73,1766,817.2
6142660,18.65,48.41,3821,695.1
6142680,19.61,49.09,1107,1203.4
6142700,19.64,48.8,582,984
6144100,20.31,48.31,1830,416.5
6144350,21.34,48.73,1298,429.7
6144400,21.5,49.03,1050,392.5
6158100,20.73,49.29,1262,725.9
6196040,32.49,34.74,210,12
6196060,32.58,34.71,260,21.4
6196080,32.58,34.71,110,7
6196100,32.72,35.08,49,13
6196200,32.9,35.04,63,27
6196300,33.02,35.08,81,16
6196350,33.1,34.75,110,14.5
6196400,33.18,35.04,90,7
6196480,33.3,34.77,130,9
6196600,33.39,35.02,91,8
6196650,33.48,34.94,94,4
6196700,33.58,34.85,150,2
6220500,4.64,50.8,645,126.8
6221500,5.53,50.44,1607,424.5
6229100,11.54,58.88,624,155
6233100,12.31,57.24,2160,167.7
6233150,13.12,56.72,260,165.4
6233170,13.51,56.49,5480,179.3
6233220,12.35,62.54,227,899.3
6233250,14.13,56.1,3664,126.3
6233260,17.73,60.02,294,37.6
6233350,16.16,57.01,1333,147.3
6233360,16.45,57.14,4446,171.1
6233400,15.39,63.52,2428,411.1
6233410,18.08,59.3,22639,109
6233440,16.7,58.86,1992,67.1
6233450,14.22,64.88,428,826
6233500,15.05,65.74,356,790.8
6233550,16.29,62.66,164,282.1
6233600,17.73,60.02,294,37.6
6233680,17.51,65.54,6056,672.4
6233700,18.3,63.43,1465,272.8
6233710,21.21,65.53,10816,553
6233720,19.61,63.7,2860,287.3
6233780,21.97,66.02,3781,244.2
6233800,21.81,66.17,1012,236.9
6233850,22.82,66.17,23103,453.7
6233870,23.32,66.11,494,124.2
6233900,23.55,67.22,14340,397
6235100,9.88,47.36,229,1787.5
6242200,15.94,47.08,190,403.8
6242250,14.43,48.04,5915,1161
6242420,15.57,48.45,306,520.8
6243110,10.92,46.86,165,2789.5
6243800,13.45,48.27,165,531
6246600,15.64,46.71,9480,888.9
6246601,15.57,46.75,8340,890.1
6246610,15.32,47.27,6548,1208.9
6246611,15.32,47.16,6792,1197.3
6246612,15.28,47.41,6214,1216.7
6246700,15.47,47.53,728,1147.6
6261300,21.8,40.08,5005,896.4
6321100,6.15,51.68,1203,49.2
6335115,7.91,49.91,4013,332.6
6335125,8.03,48.39,954,659.9
6335290,9.29,49.26,1929,444.5
6335300,9.33,49.23,1410,347.5
6335350,8.36,50.55,3571,296.8
6335600,9.01,49.44,12710,498.8
6335601,9.15,49.07,7916,544.9
6335602,9.42,48.71,3995,628.2
6336900,6.65,49.41,6983,356.4
6337504,8.9,51.16,1202,405.4
6337506,9.5,51.19,2975,373.5
6337508,9.72,51,2523,379.1
6338100,7.24,52.74,8369,69.2
6338110,7.25,52.6,4981,72.6
6338120,7.6,52.09,2842,99.1
6338130,7.43,52.29,3740,86.5
6338800,9.32,54.51,481,30.3
6340050,10.46,53.15,1434,68.8
6340700,13.4,51.52,3184,170
6341300,12.66,54.12,455,35
6341500,13.32,53.79,1403,63.4
6357501,14.71,51.97,4125,238.6
6357502,14.99,51.16,1621,409.2
6401080,-21.41,64.69,1669,802.1
6401090,-21.01,63.94,5678,463.8
6401110,-20.52,64.26,219,392.8
6401130,-15.09,64.98,558,753.2
6401200,-19.09,65.33,841,841.1
6401500,-17.66,63.95,311,692.4
6401601,-19.39,65.49,393,580.1
6401701,-16.45,66.03,7074,739
6401800,-14.37,65.5,2782,563.4
6441107,15.27,54.07,2628,83.1
6444090,22.82,48.1,9707,863.6
6457200,15.82,52.87,15970,112.5
6457956,17.92,51.9,4304,168.5
6458550,21.47,52.6,39119,190.3
6458753,19.88,51.08,2535,275.1
6458805,22.95,52.95,3376,158.9
6458810,21.57,53.08,21862,151.2
6458863,21.8,53.4,3561,140.1
6458924,21.72,52.52,2462,153.9
6502120,-8.77,52.53,806,121.8
6502121,-8.72,52.52,770,132.6
6502130,-8.94,52.46,439,115.3
6502131,-9.02,52.44,366,111.5
6502141,-7.83,53.27,1163,108.7
6502150,-8.24,53.73,1207,89.2
6502151,-8.23,53.38,1050,95.9
6502160,-7.76,53.56,1099,120.1
6502171,-8.35,53.97,520,121.6
6503100,-9.06,53.27,3136,67.4
6503105,-8.86,53.43,700,95.8
6503151,-9.16,54.1,1975,69.5
6503160,-8.3,54.23,264,188.7
6503180,-8.97,52.87,511,67.1
6503201,-7.45,54.1,1492,125.1
6503250,-9.48,52.44,647,224.2
6503260,-8.68,51.75,424,24.7
6503280,-7.7,52.35,2144,160.9
6503281,-7.92,52.46,1583,144.4
6503282,8,52.46,1090,125.8
6503290,-6.57,52.55,1320,154.7
6503300,-7.09,52.5,2418,144.1
6503301,-7.25,52.65,1644,151.6
6503351,-6.98,52.7,2419,113
6503352,-6.95,52.7,1697,114.7
6503353,-7.07,53.16,1064,129.3
6503354,-7.19,53.16,406,151.4
6503370,-6.44,53.9,346,84.7
6503500,-8.05,52.14,2334,178.9
6503501,-8.52,52.14,1257,202.6
6503810,-7.92,53.1,479,147.1
6503851,-6.56,53.71,2460,109.9
6503852,-6.67,53.64,1684,114.7
6503853,-6.79,53.56,1362,114.1
6503855,-6.72,53.66,700,105.1
6545050,15.61,45.89,10186,553.5
6545100,15.18,46.07,7084,610.5
6545190,14.17,46.34,908,855
6545200,15.46,45.86,2238,397.4
6545300,15.19,46.09,1842,511.4
6545400,14.55,46.05,1763,719.5
6545700,19.64,43.37,3160,1233.8
6546610,16,46.68,10197,879.3
6549100,13.66,45.98,1573,924.7
6549180,13.49,46.31,325,1414.7
6593700,34.77,31.79,492,497.3
6603100,-7.29,54.61,277,170.1
6603110,-7.42,54.89,148,224.2
6603120,-7.46,54.82,1844,190.6
6603130,-7.68,54.31,166,83
6603300,-6.54,54.98,5210,107.2
6603310,-6.51,54.76,304,111.8
6603320,-6.73,54.41,970,111.9
6603330,-6.33,54.22,120,131.2
6603340,-6.52,55.17,299,6
6603350,-6.22,54.72,278,91.9
6603500,-5.95,54.56,492,51.8
6603510,-5.74,54.56,62,1.5
6604100,-5.6,57.76,441,252.8
6604150,-5.43,57.43,138,365
6604170,-5.09,56.82,69,408
6604180,-4.86,56.44,251,452.4
6604190,-4.72,56.34,80,383
6604205,-3.7,55.52,110,362
6604210,-4.98,56,31,162
6604230,-4.63,55.6,381,168.6
6604250,-4.84,54.9,171,138
6604260,-4.48,54.96,368,184.1
6604270,-3.84,54.93,199,153.2
6604280,-3.8,55.27,471,343.1
6604500,-3.27,55.02,925,223.8
6604510,-3.45,55.17,76,223
6604620,-2.49,56.77,732,35.8
6604625,-2.95,56.33,307,66.7
6604635,-4,56.36,100,386.5
6604645,-3.95,56.22,161,325.7
6604650,-3.14,57.55,2861,444.8
6604655,-3.7,57.3,272,433.5
6604660,-3.88,56.02,122,212.8
6604665,-4.02,55.93,34,185
6604670,-3.34,55.96,369,232.5
6604680,-2.78,55.94,64,269
6604710,-3.26,55.65,175,306.5
6604760,-2.19,55.79,503,219.6
6604800,-2.6,57.05,1370,485.5
6604815,-3.07,57.06,150,476.5
6604820,-2.33,57.08,1844,380.3
6604830,-2.19,57.22,1273,249.1
6604840,-1.83,57.53,325,32.3
6604850,-2.49,57.54,955,261
6604860,-3.65,57.6,782,425
6604870,-4.58,57.33,106,410.7
6604890,-4.86,57.53,120,521.3
6604910,-2.55,55.49,139,326
6604920,-2.76,55.43,323,278.5
6604950,-4.7,57.96,331,322.9
6604960,-3.9,58.48,205,273.2
6604970,-5.15,58.17,138,281
6605200,-2.41,53.44,559,319.5
6605210,-2.34,53.44,660,319.5
6605220,-2.23,53.33,72,221
6605230,-2.49,53.17,622,82.9
6605235,-2.49,53.09,93,118.5
6605310,-2.51,54.94,322,464.7
6605320,-1.62,55.11,269,3
6605330,-1.63,55.33,570,134.3
6605350,-2.92,55.07,319,277.4
6605365,-2.48,55.09,2,229
6605370,-3.4,54.73,96,215.3
6605385,-3.35,54.64,117,296.8
6605390,-2.97,54.27,247,231.8
6605400,-0.33,53.98,57,4
6605410,-0.26,54.09,240,2.9
6605420,-0.88,54.02,1586,40.3
6605430,-0.92,54.26,59,6
6605440,-1.98,53.91,282,226.3
6605450,-2.72,54.08,983,314.1
6605460,-2.79,53.99,28,180
6605470,-2.74,53.86,32,157
6605480,-2.75,54.28,209,159
6605510,-1.31,54.5,196,223.2
6605520,-1.95,54.51,86,441
6605545,-2.26,54.29,10,394
6605560,-1.46,54.1,915,203.1
6605565,-1.35,54.15,1363,108.7
6605580,-1.55,54.61,147,87.5
6605610,-0.96,53.4,529,75.5
6605631,-1.78,53.05,83,196
6605640,-1.09,52.7,414,158.5
6605650,-1.2,52.57,184,116.8
6605660,-1.61,52.63,368,123.3
6605670,-1.9,52.46,74,160
6605680,-2.17,52.84,163,117
6605700,-1.6,54.74,179,170.7
6605710,-1.82,54.69,75,257
6605720,-1.35,53.37,352,125.1
6605730,-1.59,54.73,658,237.8
6606100,0.01,53.37,55,114
6606200,-0.53,52.58,99,95.5
6606250,0.72,52.43,688,54.3
6606300,-0.68,52.33,194,79.2
6606400,-0.46,52.13,1460,95.8
6606401,-0.3,52.17,1660,93.5
6606510,-0.56,52.41,74,59
6606550,-0.58,52.62,69,139
6606560,-0.36,52.72,342,69.8
6606570,0.1,53.19,62,1.3
6606580,-0.13,53.3,62,78
6606590,-0.74,53.02,298,101.3
6606700,0.14,52.13,198,93.2
6606710,-0.31,52.25,138,61
6606720,-0.32,52.14,541,83
6606790,0.48,51.74,190,66.5
6606850,0.94,51.97,578,59.2
6606870,1.01,52.18,129,59.5
6606880,1.25,52.82,165,24.2
6606890,0.49,52.8,48,69
6606900,1.28,52.38,370,53.5
6606950,0.85,51.9,238,52.7
6607010,-1.25,50.65,22,51
6607100,-3.76,50.48,248,234.7
6607101,-3.9,50.58,22,306
6607110,-4.92,50.27,87,115.8
6607115,-4.79,50.48,209,213
6607140,-4.13,50.95,663,202.3
6607150,-3.98,50.99,826,172.2
6607210,-3.39,50.84,226,155.5
6607220,-3.05,50.75,288,107.8
6607225,-3.29,50.69,202,133
6607230,-3.13,51.02,202,120.4
6607235,-3.11,51.14,16,40
6607240,-2.58,51.08,135,128.5
6607245,-2.47,50.65,7,67
6607250,-2.12,50.69,183,79.8
6607300,-0.57,51.22,59,109
6607310,-0.71,51.57,137,123.5
6607320,-0.33,51.7,132,112.2
6607330,-0.95,51.38,355,94.7
6607335,-1.07,51.62,13,185
6607340,-1.3,51.86,552,128.3
6607345,-1.07,51.43,1033,154.4
6607347,-1.32,51.41,234,156.2
6607350,-1.82,51.75,107,186.2
6607500,-1.84,50.76,1073,91.7
6607510,-0.9,51.04,37,92
6607520,-1.5,50.97,1040,92.8
6607530,-1.17,50.86,111,42
6607540,-1.16,50.92,73,134
6607550,-1.33,50.99,360,119.9
6607560,0.08,50.95,88,3
6607570,0.36,50.89,17,1
6607650,-0.31,51.41,9948,113.1
6607651,-0.31,51.41,9948,113.1
6607701,-1.18,51.64,3445,123.5
6607705,-1.86,51.08,221,129
6607710,-1.78,51.17,324,128.7
6607711,-1.81,51.3,86,173
6607750,-0.14,51.8,134,97.5
6607760,-2.52,51.49,149,75.8
6607765,-2.46,51.43,48,149
6607800,0.23,51.42,191,101.2
6607810,-0.24,51.59,29,57
6607820,-0.25,51.43,44,42
6607825,-0.19,51.2,142,88.5
6607830,0.01,51.76,1036,89
6607835,-0.04,51.67,42,55
6607840,0.04,51.58,303,65.2
6607850,0.52,51.2,277,48
6607855,0.17,51.11,54,91.5
6607950,1.03,51.26,345,31
6608101,-3.67,52.86,54,286
6608110,-2.99,53.08,227,218.5
6608150,-4.38,52.94,18,-1
6608160,-4.1,53.01,69,425
6608170,-3.85,52.6,471,299.7
6608190,-4.07,52.38,170,267
6608200,-4.56,52.04,894,242.8
6608220,-4.17,51.88,298,168.3
6608230,-3.56,51.49,62,63
6608240,-3.12,51.53,179,170.7
6608310,-3.45,51.96,63,333
6608500,-3.5,52.3,174,357.5
6608502,-3.72,52.44,11,342
6608510,-2.56,52.08,144,120.5
6608520,-2.93,52.28,203,269.4
6608530,-3.57,53.23,194,288
6608540,-3.69,52.47,9,342
6608600,-3.33,51.65,106,235.8
6609100,-2.59,52.31,1134,207.5
6609110,-2.32,51.91,293,75.8
6609395,-3.53,54.44,126,75.5
6609510,-2.34,52.38,41,110
6609520,-2.37,52.55,258,99.7
6609530,-2.84,52.77,181,98
6609538,-3.11,52.8,229,170.4
6609540,-2.61,52.72,259,86.1
6609560,-1.51,52.34,347,134.2
6609570,-2.79,52.68,178,184
6730500,28.05,70.07,14165,337.6
6730501,28.02,70.07,14160,337.6
6731010,6.62,62.53,42,291
6731070,10.23,63.79,205,346.8
6731130,6.02,59.68,127,812.5
6731140,6.74,60.38,229,1293.3
6731150,5.43,60.25,50,38
6731160,5.39,61.25,220,484.6
6731165,5.87,61.33,505,986.6
6731175,6.09,61.92,378,461.2
6731200,6.28,60.63,1102,758.6
6731250,7.23,58.4,266,591.2
6731280,8.1,58.85,286,724.2
6731320,9.55,59.7,150,486.5
6731350,10.77,59.55,297,174.8
6731360,10.8,60,8,187
6731401,11.56,60.88,15426,751.8
6731402,11.68,60.25,20300,632.4
6731500,10.17,63.04,3062,738.2
6731501,10.23,63.11,3079,738.2
6731530,12.03,60.63,1625,434.7
6731550,11.08,64.25,237,311.8
6731570,12.23,61.26,4410,775.5
6731600,14.22,65.5,756,791.1
6731601,13.29,65.62,3650,664.3
6731610,13.3,65.9,520,575.4
6731650,13.18,66.4,16,600
6731680,15.43,66.82,422,958
6731685,16,67.6,386,766.4
6731900,17.78,69.23,178,177.4
6731905,17.88,68.88,580,722.4
6731907,18.66,69.03,3239,728.3
6731910,23.64,69.42,5626,520.3
6742600,26.81,48.24,9074,645
6744100,21.52,46.63,3702,431.3
6744600,24.19,47.86,1547,1213.9
6830510,27,69.78,1520,362.3
6830511,27.03,69.91,10864,362.3
6854210,22.88,63.62,2000,117.7
6854300,24.72,63.58,363,123.2
6854301,23.76,63.99,1283,114.4
6854320,24.4,64.36,3408,124.2
6854590,29.58,64.19,2045,214.3
6854591,26.78,64.57,19839,218.5
6854600,25.41,65.33,14191,195.7
6854620,25.09,65.67,3109,125.1
6854710,25.42,66.79,12303,269.6
6854800,24.11,64.2,3065,116.7
6854900,21.88,63.09,4833,98.8
6855100,24.98,60.23,1680,62
6855200,26.82,60.7,36275,115.4
6855250,25.89,62.24,17684,137.3
6855270,26.68,63.01,2157,134.6
6855280,25.53,63.04,2186,148.2
6855402,27.77,62.55,16270,138.2
6855500,23.83,60.15,1935,77.1
6934050,8.49,56.89,105,11.8
6934100,8.72,55.95,1040,68.1
6934200,9.62,55.9,187,63.8
6934250,9.67,56.24,1290,64.5
6934300,10.13,57.45,151,1.3
6934310,9.92,57.16,106,0
6934350,8.88,55.32,680,44
6934400,10.04,56.14,120,50.5
6934460,10.03,56.9,214,34
6934500,12.22,55.33,131,21.3
6934530,11.39,55.61,288,45.4
6934571,11.68,55.3,753,40.6
6934700,10.42,55.4,526,49.5
6934750,10.22,55.25,302,68
6934800,8.83,55.06,292,39.2
6935320,7.75,46.95,443,1236.7
6935400,8.68,47.6,1696,761.6
6935401,9.21,47.51,1085,881.7
6935402,9.08,47.41,493,962.5
6935410,9.33,47.41,261,903
6942100,25.93,48.3,6890,696.9
6942200,25.72,48.17,672,628.1
6948110,10.08,46.3,169,2195.2
6970100,38.48,63.83,55770,101.5
6970101,39.88,62.57,40600,109.6
6970102,39.37,62.15,29500,99.6
6970103,39.02,61.57,12800,89.4
6970110,39.3,61.68,7040,133.8
6970115,39.17,60.55,1590,152
6970120,39.62,63.72,1800,81.1
6970125,38.85,60.93,6450,104
6970133,38.33,61.55,321,61
6970250,41.92,64.15,348000,127.9
6970251,42.03,63.28,285000,137.5
6970252,45.1,62.08,220000,138.4
6970270,42.8,62.52,43900,130.3
6970271,42.92,62.1,38400,141.4
6970272,42.18,61.12,13200,157.3
6970273,41.72,60.4,1410,165.7
6970275,41.82,61.2,4840,167.5
6970280,41.9,61.03,1310,147.7
6970283,40.92,61.09,1030,179.6
6970290,40.78,60.1,4860,178.2
6970291,40.42,60.55,1110,183
6970300,40.5,64.96,305,116
6970310,41.03,64.65,1400,81.6
6970325,40.42,65.67,1840,132
6970400,43.48,64.71,36700,134.2
6970401,45.6,63.58,17100,152.8
6970403,46.2,62.67,3120,152.7
6970415,46.48,63.5,895,152
6970428,47.33,60.17,2340,152
6970430,44.17,63.92,2780,136.1
6970435,46.72,61.72,3540,147.1
6970439,45.9,61.45,229,161.8
6970440,45.85,61.97,417,140.9
6970442,43.73,61.91,291,122
6970445,44.4,62.53,1510,152
6970450,46.45,60.57,34800,154.1
6970451,47.08,60.27,15200,157.6
6970452,45.77,59.98,8890,159.6
6970453,45.62,59.33,1450,146.5
6970455,45.35,59.77,1480,163.3
6970456,45.65,60.07,2010,152.6
6970457,46,60.03,68,154
6970459,46.68,59.95,1010,180.4
6970460,45.85,60.68,49200,148.6
6970461,42.77,59.98,34800,150.2
6970462,40.37,59.37,15500,147.8
6970470,44.16,60.39,2360,151.6
6970471,42.55,59.48,1100,170.9
6970472,42.5,59.92,1420,156.9
6970473,41.98,59.7,234,139.4
6970474,40.62,59.65,869,155.3
6970475,40.45,59.02,1230,126.1
6970480,43.34,61.13,9730,149.6
6970481,43.95,61.62,7210,153.1
6970482,44.71,61.25,4300,153.5
6970485,43,60.87,4410,146.9
6970495,42.68,62.23,2240,98
6970500,45.62,65.03,56400,144.6
6970501,48.82,64.17,16100,173.2
6970502,49.45,63.63,6450,194.7
6970505,49.1,64.63,2930,217.2
6970515,49.1,63.37,2010,151.2
6970520,46.15,64.6,19000,145.1
6970521,47.93,63.45,6980,152.5
6970551,42.5,60.85,1740,155.1
6970560,45.03,65.82,12000,115.9
6970561,47.68,65.68,4520,127.1
6970580,41.85,65.38,1240,106.9
6970600,51.87,65.25,4890,182.8
6970601,51.07,64.77,2250,219.2
6970620,56.26,62.43,2910,131.7
6970680,47.65,61.46,112000,129.3
6970681,50.82,61.69,66900,119.5
6970682,53.69,61.77,26500,129.1
6970684,54.19,62.2,4660,127.1
6970695,54.19,61.13,1600,125.7
6970698,53.67,61.28,2070,135.5
6970700,52.2,67.6,312000,183.9
6970701,52.1,65.45,248000,192.8
6970703,57.64,64.28,67500,297
6970704,56.2,62.71,35600,277.2
6970705,56.85,61.82,9620,352.4
6970720,50.81,62.49,25100,137.5
6970721,50.89,62.98,19100,140.4
6970730,52.09,63.07,1510,132.2
6970735,51.33,62.85,3940,117.9
6970745,52.72,62.23,4040,136
6970750,51.58,61.59,6040,112.9
6970760,50.28,61.12,11700,119.9
6970770,47.27,60.63,16300,154.1
6970771,49.62,60.34,6700,150
6970777,47.9,61.12,4990,151.7
6970779,46.53,60.93,29,152
6970785,49.97,61.79,1800,146.2
6970790,48.87,62.23,4930,148
6970800,51.15,67.03,8500,89.2
6970805,51.15,67.03,16,69
6970810,51.38,65.47,20900,129.9
6970811,50.67,65.57,9420,141.6
6970830,56.42,64.91,4360,115.7
6970835,55.69,64.62,183,91
6970840,55.8,63.4,2050,122
6970845,56.28,62.63,1700,158.7
6970850,59.42,66.55,54700,353.4
6970851,60.73,66.48,27500,384.6
6970852,63.07,67.07,14100,397.1
6970858,60.8,66.17,981,137.6
6970860,59.18,65.67,4040,378.1
6970862,59.58,65.73,4980,671.5
6970865,58.04,65.38,1320,354
6970875,58.03,64.2,9220,511
6970876,59.47,64.03,1640,484.9
6970880,57.46,62.63,10500,375.1
6970881,58.5,62.43,6870,414
6970885,57.37,62.87,2150,228.1
6970887,57.99,61.62,2370,428.1
6970901,53.3,64.53,22700,117.4
6970902,53.89,63.62,15000,117.7
6970903,54.47,63.04,1150,109.5
6970910,53.97,63.41,2410,129.7
6970913,54.2,63.74,1970,123.6
6970920,39.67,59.12,179,159.7
6970923,39.33,59.35,246,176.5
6970926,39.28,60.09,618,89.6
6970930,41.4,63.32,7980,116.2
6970935,40.16,62.95,944,133.2
6971050,31.16,67.6,1600,309.9
6971080,32.8,69.29,1020,167.2
6971100,33.02,68.88,3780,219.2
6971101,33.23,68.35,575,221.9
6971110,32.87,67.94,1480,296
6971116,33.4,68,685,314.3
6971117,33.21,67.68,80,631
6971135,33.13,69.08,107,98
6971136,32.36,68.77,129,169.2
6971137,31.95,68.67,508,161.4
6971140,31.83,68.6,1600,234.2
6971150,34.31,66.67,6250,195.8
6971151,34.28,67.53,2380,271
6971200,31.23,69.55,1680,183.3
6971300,31.92,69.55,942,225
6971402,35.13,68.09,3770,234
6971405,35.15,68.1,204,185.3
6971450,41.12,67.07,15200,220.7
6971451,39.67,67.13,10200,216.5
6971452,37.03,67.35,3810,216.8
6971600,36.62,66.4,7940,159.3
6971650,34.81,66.61,250,101.2
6971700,35.32,66.47,374,101.4
6971710,32.99,67.09,1260,142.9
6972138,34.42,64.28,570,93.8
6972140,34.13,64.15,530,98
6972147,32.92,64.1,718,142.5
6972165,36.02,62.9,463,110.5
6972167,35.42,63.47,62,106
6972350,28.19,59.38,56000,91.8
6972610,34.3,60.93,67100,117.1
6972750,35.42,64.25,1990,94.8
6972800,34.3,64.92,27900,192.5
6972802,33.1,65.1,24700,175.5
6972803,32.12,64.78,19800,178.6
6972810,32.12,64.75,8220,175
6972811,32.37,64.15,2730,191.3
6972816,34.67,64.87,300,26.7
6972820,34.75,64.72,934,55.5
6973300,26.53,55.88,64500,189.3
6973500,29.2,55.5,618,146.7
6974010,25.97,55.18,164,212.7
6974020,21.35,55.5,258,93.4
6974100,21.48,55.92,1220,132.3
6974200,23.23,54.4,444,173.1
6974201,22.86,54.77,3180,101.7
6974300,23.85,55.17,5510,72.9
6974360,24.75,55.25,5380,142.2
6974600,26.75,53.48,3070,193.3
6975050,33.84,56.67,9130,234.3
6975080,34.93,56.51,21100,223.1
6975140,36.27,54.54,54900,198.5
6975200,46.05,55.54,54400,184.7
6975500,43.81,57.88,18500,143.4
6976200,49.66,58.6,48300,161.3
6978251,41.15,49.79,102000,163.1
6979500,29.27,52.05,101000,188.7
6979600,31.3,51.42,81400,187.1